file,class,method,variable,usage
D:\JAVA\Sivaaraj\sanjeev\project\gym-workout-maker-master\src\Controller\WorkoutPDF.java,Controller.WorkoutPDF,addBorderBottom/1[Controller.PdfPCell],darkGrey,1
D:\JAVA\Sivaaraj\sanjeev\project\gym-workout-maker-master\src\Controller\WorkoutPDF.java,Controller.WorkoutPDF,"WorkoutPDF/3[java.util.ArrayList<Model.Workout>,java.lang.String,java.lang.String]",workouts,3
D:\JAVA\Sivaaraj\sanjeev\project\gym-workout-maker-master\src\Controller\WorkoutPDF.java,Controller.WorkoutPDF,borderCell/0,grey,1
D:\JAVA\Sivaaraj\sanjeev\project\gym-workout-maker-master\src\Controller\WorkoutPDF.java,Controller.WorkoutPDF,setColHeight/1[Controller.PdfPCell],colHeight,1
D:\JAVA\Sivaaraj\sanjeev\project\gym-workout-maker-master\src\Controller\WorkoutPDF.java,Controller.WorkoutPDF,createTable/1[Controller.Document],workouts,5
D:\JAVA\Sivaaraj\sanjeev\project\gym-workout-maker-master\src\Controller\WorkoutPDF.java,Controller.WorkoutPDF,logoCell/0,lightBlue,1
D:\JAVA\Sivaaraj\sanjeev\project\gym-workout-maker-master\src\Controller\WorkoutPDF.java,Controller.WorkoutPDF,"setCell/2[Model.Exercise,java.lang.String]",repsFont,1
D:\JAVA\Sivaaraj\sanjeev\project\gym-workout-maker-master\src\Controller\WorkoutPDF.java,Controller.WorkoutPDF,"setCell/2[Model.Exercise,java.lang.String]",groupFont,1
D:\JAVA\Sivaaraj\sanjeev\project\gym-workout-maker-master\src\Controller\WorkoutPDF.java,Controller.WorkoutPDF,"setCell/2[Model.Exercise,java.lang.String]",grey,1
D:\JAVA\Sivaaraj\sanjeev\project\gym-workout-maker-master\src\Controller\WorkoutPDF.java,Controller.WorkoutPDF,childSetCell/1[Model.Exercise],repsFont,1
D:\JAVA\Sivaaraj\sanjeev\project\gym-workout-maker-master\src\Controller\WorkoutPDF.java,Controller.WorkoutPDF,childSetCell/1[Model.Exercise],groupFont,1
D:\JAVA\Sivaaraj\sanjeev\project\gym-workout-maker-master\src\Controller\WorkoutPDF.java,Controller.WorkoutPDF,childSetCell/1[Model.Exercise],grey,1
D:\JAVA\Sivaaraj\sanjeev\project\gym-workout-maker-master\src\Controller\WorkoutPDF.java,Controller.WorkoutPDF,websiteChildCell/1[java.lang.String],siteFont,1
D:\JAVA\Sivaaraj\sanjeev\project\gym-workout-maker-master\src\Controller\WorkoutPDF.java,Controller.WorkoutPDF,websiteChildCell/1[java.lang.String],grey,1
D:\JAVA\Sivaaraj\sanjeev\project\gym-workout-maker-master\src\Controller\WorkoutPDF.java,Controller.WorkoutPDF,noteCell/1[Model.Exercise],noteBoldFont,1
D:\JAVA\Sivaaraj\sanjeev\project\gym-workout-maker-master\src\Controller\WorkoutPDF.java,Controller.WorkoutPDF,noteCell/1[Model.Exercise],noteFont,1
D:\JAVA\Sivaaraj\sanjeev\project\gym-workout-maker-master\src\Controller\WorkoutPDF.java,Controller.WorkoutPDF,noteCell/1[Model.Exercise],grey,1
D:\JAVA\Sivaaraj\sanjeev\project\gym-workout-maker-master\src\Controller\WorkoutPDF.java,Controller.WorkoutPDF,websiteCell/1[java.lang.String],siteFont,1
D:\JAVA\Sivaaraj\sanjeev\project\gym-workout-maker-master\src\Controller\WorkoutPDF.java,Controller.WorkoutPDF,websiteCell/1[java.lang.String],grey,1
D:\JAVA\Sivaaraj\sanjeev\project\gym-workout-maker-master\src\Controller\WorkoutPDF.java,Controller.WorkoutPDF,"headerCell/3[int,int,java.lang.String]",headerFont,1
D:\JAVA\Sivaaraj\sanjeev\project\gym-workout-maker-master\src\Controller\WorkoutPDF.java,Controller.WorkoutPDF,"headerCell/3[int,int,java.lang.String]",lightBlue,1
D:\JAVA\Sivaaraj\sanjeev\project\gym-workout-maker-master\src\Controller\WorkoutPDF.java,Controller.WorkoutPDF,"getWatermarkedImage/3[Controller.PdfContentByte,Controller.Image,java.lang.String]",exerciseFont,1
D:\JAVA\Sivaaraj\sanjeev\project\gym-workout-maker-master\src\Controller\WorkoutPDF.java,Controller.WorkoutPDF,headerCell/1[java.lang.String],headerFont,1
D:\JAVA\Sivaaraj\sanjeev\project\gym-workout-maker-master\src\Controller\WorkoutPDF.java,Controller.WorkoutPDF,headerCell/1[java.lang.String],lightBlue,1
D:\JAVA\Sivaaraj\sanjeev\project\gym-workout-maker-master\src\Controller\WorkoutPDF.java,Controller.WorkoutPDF,emptyCell/0,grey,1
D:\JAVA\Sivaaraj\sanjeev\project\gym-workout-maker-master\src\Controller\WorkoutPDF.java,Controller.WorkoutPDF,numberCell/1[java.lang.String],grey,1
D:\JAVA\Sivaaraj\sanjeev\project\gym-workout-maker-master\src\Controller\WorkoutPDF.java,Controller.WorkoutPDF,titleCell/1[int],groupFont,1
D:\JAVA\Sivaaraj\sanjeev\project\gym-workout-maker-master\src\Controller\WorkoutPDF.java,Controller.WorkoutPDF,titleCell/1[int],grey,1
D:\JAVA\Sivaaraj\sanjeev\project\gym-workout-maker-master\src\GUI\LoadExercise.java,GUI.LoadExercise,"LoadExercise/2[GUI.MainFrame,java.util.ArrayList<Model.Exercise>]",exercises,3
D:\JAVA\Sivaaraj\sanjeev\project\gym-workout-maker-master\src\GUI\LoadExercise.java,GUI.LoadExercise,"LoadExercise/2[GUI.MainFrame,java.util.ArrayList<Model.Exercise>]",checkbox,1
D:\JAVA\Sivaaraj\sanjeev\project\gym-workout-maker-master\src\GUI\LoadExercise.java,GUI.LoadExercise,"LoadExercise/2[GUI.MainFrame,java.util.ArrayList<Model.Exercise>]",mf,4
D:\JAVA\Sivaaraj\sanjeev\project\gym-workout-maker-master\src\GUI\LoadExercise.java,GUI.LoadExercise,actionPerformed/1[java.awt.event.ActionEvent],exercises,1
D:\JAVA\Sivaaraj\sanjeev\project\gym-workout-maker-master\src\GUI\LoadExercise.java,GUI.LoadExercise,actionPerformed/1[java.awt.event.ActionEvent],loadBtn,1
D:\JAVA\Sivaaraj\sanjeev\project\gym-workout-maker-master\src\GUI\LoadExercise.java,GUI.LoadExercise,actionPerformed/1[java.awt.event.ActionEvent],checkbox,1
D:\JAVA\Sivaaraj\sanjeev\project\gym-workout-maker-master\src\GUI\LoadExercise.java,GUI.LoadExercise,actionPerformed/1[java.awt.event.ActionEvent],searchBtn,1
D:\JAVA\Sivaaraj\sanjeev\project\gym-workout-maker-master\src\GUI\LoadExercise.java,GUI.LoadExercise,isEnterPressed/0,enterPressed,1
D:\JAVA\Sivaaraj\sanjeev\project\gym-workout-maker-master\src\GUI\LoadExercise.java,GUI.LoadExercise,setupUI/0,searchText,1
D:\JAVA\Sivaaraj\sanjeev\project\gym-workout-maker-master\src\GUI\LoadExercise.java,GUI.LoadExercise,setupUI/0,loadBtn,1
D:\JAVA\Sivaaraj\sanjeev\project\gym-workout-maker-master\src\GUI\LoadExercise.java,GUI.LoadExercise,setupUI/0,searchBtn,1
D:\JAVA\Sivaaraj\sanjeev\project\gym-workout-maker-master\src\GUI\LoadExercise.java,GUI.LoadExercise,setupUI/0,combo,1
D:\JAVA\Sivaaraj\sanjeev\project\gym-workout-maker-master\src\GUI\LoadExercise.java,GUI.LoadExercise,initComponents/0,searchText,2
D:\JAVA\Sivaaraj\sanjeev\project\gym-workout-maker-master\src\GUI\LoadExercise.java,GUI.LoadExercise,initComponents/0,exercises,2
D:\JAVA\Sivaaraj\sanjeev\project\gym-workout-maker-master\src\GUI\LoadExercise.java,GUI.LoadExercise,initComponents/0,loadBtn,3
D:\JAVA\Sivaaraj\sanjeev\project\gym-workout-maker-master\src\GUI\LoadExercise.java,GUI.LoadExercise,initComponents/0,checkbox,2
D:\JAVA\Sivaaraj\sanjeev\project\gym-workout-maker-master\src\GUI\LoadExercise.java,GUI.LoadExercise,initComponents/0,searchBtn,3
D:\JAVA\Sivaaraj\sanjeev\project\gym-workout-maker-master\src\GUI\LoadExercise.java,GUI.LoadExercise,initComponents/0,combo,2
D:\JAVA\Sivaaraj\sanjeev\project\gym-workout-maker-master\src\GUI\LoadExercise.java,GUI.LoadExercise,loadExercises/0,searchText,1
D:\JAVA\Sivaaraj\sanjeev\project\gym-workout-maker-master\src\GUI\LoadExercise.java,GUI.LoadExercise,loadExercises/0,exercises,7
D:\JAVA\Sivaaraj\sanjeev\project\gym-workout-maker-master\src\GUI\LoadExercise.java,GUI.LoadExercise,loadExercises/0,checkbox,3
D:\JAVA\Sivaaraj\sanjeev\project\gym-workout-maker-master\src\GUI\LoadExercise.java,GUI.LoadExercise,loadExercises/0,combo,6
D:\JAVA\Sivaaraj\sanjeev\project\gym-workout-maker-master\src\GUI\AddExercise.java,GUI.AddExercise,actionPerformed/1[java.awt.event.ActionEvent],bodyText,1
D:\JAVA\Sivaaraj\sanjeev\project\gym-workout-maker-master\src\GUI\AddExercise.java,GUI.AddExercise,actionPerformed/1[java.awt.event.ActionEvent],cancelBtn,1
D:\JAVA\Sivaaraj\sanjeev\project\gym-workout-maker-master\src\GUI\AddExercise.java,GUI.AddExercise,actionPerformed/1[java.awt.event.ActionEvent],siteText,1
D:\JAVA\Sivaaraj\sanjeev\project\gym-workout-maker-master\src\GUI\AddExercise.java,GUI.AddExercise,actionPerformed/1[java.awt.event.ActionEvent],equipmentText,1
D:\JAVA\Sivaaraj\sanjeev\project\gym-workout-maker-master\src\GUI\AddExercise.java,GUI.AddExercise,actionPerformed/1[java.awt.event.ActionEvent],addBtn,1
D:\JAVA\Sivaaraj\sanjeev\project\gym-workout-maker-master\src\GUI\AddExercise.java,GUI.AddExercise,initComponents/0,bodyText,2
D:\JAVA\Sivaaraj\sanjeev\project\gym-workout-maker-master\src\GUI\AddExercise.java,GUI.AddExercise,initComponents/0,cancelBtn,1
D:\JAVA\Sivaaraj\sanjeev\project\gym-workout-maker-master\src\GUI\AddExercise.java,GUI.AddExercise,initComponents/0,siteText,2
D:\JAVA\Sivaaraj\sanjeev\project\gym-workout-maker-master\src\GUI\AddExercise.java,GUI.AddExercise,initComponents/0,equipmentText,2
D:\JAVA\Sivaaraj\sanjeev\project\gym-workout-maker-master\src\GUI\AddExercise.java,GUI.AddExercise,initComponents/0,addBtn,1
D:\JAVA\Sivaaraj\sanjeev\project\gym-workout-maker-master\src\GUI\AddExercise.java,GUI.AddExercise,AddExercise/1[GUI.MainFrame],mf,3
D:\JAVA\Sivaaraj\sanjeev\project\gym-workout-maker-master\src\GUI\AddExercise.java,GUI.AddExercise,setupUI/0,bodyText,1
D:\JAVA\Sivaaraj\sanjeev\project\gym-workout-maker-master\src\GUI\AddExercise.java,GUI.AddExercise,setupUI/0,cancelBtn,2
D:\JAVA\Sivaaraj\sanjeev\project\gym-workout-maker-master\src\GUI\AddExercise.java,GUI.AddExercise,setupUI/0,mf,1
D:\JAVA\Sivaaraj\sanjeev\project\gym-workout-maker-master\src\GUI\AddExercise.java,GUI.AddExercise,setupUI/0,siteText,1
D:\JAVA\Sivaaraj\sanjeev\project\gym-workout-maker-master\src\GUI\AddExercise.java,GUI.AddExercise,setupUI/0,equipmentText,1
D:\JAVA\Sivaaraj\sanjeev\project\gym-workout-maker-master\src\GUI\AddExercise.java,GUI.AddExercise,setupUI/0,addBtn,2
D:\JAVA\Sivaaraj\sanjeev\project\gym-workout-maker-master\src\GUI\TreeDragAndDrop.java,GUI.TreeDragAndDrop,"exportDone/3[javax.swing.JComponent,java.awt.datatransfer.Transferable,int]",nodesToRemove,1
D:\JAVA\Sivaaraj\sanjeev\project\gym-workout-maker-master\src\GUI\TreeDragAndDrop.java,GUI.TreeDragAndDrop,importData/1[javax.swing.TransferHandler.TransferSupport],nodesFlavor,1
D:\JAVA\Sivaaraj\sanjeev\project\gym-workout-maker-master\src\GUI\TreeDragAndDrop.java,GUI.TreeDragAndDrop,createTransferable/1[javax.swing.JComponent],nodesToRemove,1
D:\JAVA\Sivaaraj\sanjeev\project\gym-workout-maker-master\src\GUI\TreeDragAndDrop.java,GUI.TreeDragAndDrop,TreeDragAndDrop/0,flavors,1
D:\JAVA\Sivaaraj\sanjeev\project\gym-workout-maker-master\src\GUI\TreeDragAndDrop.java,GUI.TreeDragAndDrop,TreeDragAndDrop/0,nodesFlavor,2
D:\JAVA\Sivaaraj\sanjeev\project\gym-workout-maker-master\src\GUI\TreeDragAndDrop.java,GUI.TreeDragAndDrop,canImport/1[javax.swing.TransferHandler.TransferSupport],nodesFlavor,1
D:\JAVA\Sivaaraj\sanjeev\project\gym-workout-maker-master\src\Controller\WatermarkedCell.java,Controller.WatermarkedCell,WatermarkedCell/1[java.lang.String],watermark,3
D:\JAVA\Sivaaraj\sanjeev\project\gym-workout-maker-master\src\Controller\WatermarkedCell.java,Controller.WatermarkedCell,"cellLayout/3[Controller.PdfPCell,Controller.Rectangle,Controller.PdfContentByte[]]",watermark,1
D:\JAVA\Sivaaraj\sanjeev\project\gym-workout-maker-master\src\Controller\WatermarkedCell.java,Controller.WatermarkedCell,"cellLayout/3[Controller.PdfPCell,Controller.Rectangle,Controller.PdfContentByte[]]",groupFont,1
D:\JAVA\Sivaaraj\sanjeev\project\gym-workout-maker-master\src\Model\Database.java,Model.Database,isExerciseExists/1[int],con,1
D:\JAVA\Sivaaraj\sanjeev\project\gym-workout-maker-master\src\Model\Database.java,Model.Database,createExerciseTable/0,con,1
D:\JAVA\Sivaaraj\sanjeev\project\gym-workout-maker-master\src\Model\Database.java,Model.Database,getExercises/0,con,1
D:\JAVA\Sivaaraj\sanjeev\project\gym-workout-maker-master\src\Model\Database.java,Model.Database,disconnect/0,con,2
D:\JAVA\Sivaaraj\sanjeev\project\gym-workout-maker-master\src\Model\Database.java,Model.Database,createDatabase/0,con,1
D:\JAVA\Sivaaraj\sanjeev\project\gym-workout-maker-master\src\Model\Database.java,Model.Database,createDatabase/0,dbName,2
D:\JAVA\Sivaaraj\sanjeev\project\gym-workout-maker-master\src\Model\Database.java,Model.Database,createDatabase/0,url,2
D:\JAVA\Sivaaraj\sanjeev\project\gym-workout-maker-master\src\Model\Database.java,Model.Database,connect/0,password,1
D:\JAVA\Sivaaraj\sanjeev\project\gym-workout-maker-master\src\Model\Database.java,Model.Database,connect/0,con,1
D:\JAVA\Sivaaraj\sanjeev\project\gym-workout-maker-master\src\Model\Database.java,Model.Database,connect/0,user,1
D:\JAVA\Sivaaraj\sanjeev\project\gym-workout-maker-master\src\Model\Database.java,Model.Database,connect/0,url,1
D:\JAVA\Sivaaraj\sanjeev\project\gym-workout-maker-master\src\Model\Database.java,Model.Database,"updateExercise/5[int,int,java.lang.String,java.lang.String,java.lang.String]",con,1
D:\JAVA\Sivaaraj\sanjeev\project\gym-workout-maker-master\src\Model\Database.java,Model.Database,"insertExercise/3[java.lang.String,java.lang.String,java.lang.String]",con,1
D:\JAVA\Sivaaraj\sanjeev\project\gym-workout-maker-master\src\Model\ExerciseTableModel.java,Model.ExerciseTableModel,getColumnName/1[int],colNames,1
D:\JAVA\Sivaaraj\sanjeev\project\gym-workout-maker-master\src\Model\ExerciseTableModel.java,Model.ExerciseTableModel,addExercises/1[java.util.ArrayList<Model.Exercise>],exercises,5
D:\JAVA\Sivaaraj\sanjeev\project\gym-workout-maker-master\src\Model\ExerciseTableModel.java,Model.ExerciseTableModel,addExercises/1[java.util.ArrayList<Model.Exercise>],editableCells,1
D:\JAVA\Sivaaraj\sanjeev\project\gym-workout-maker-master\src\Model\ExerciseTableModel.java,Model.ExerciseTableModel,getEditableCells/0,editableCells,1
D:\JAVA\Sivaaraj\sanjeev\project\gym-workout-maker-master\src\Model\ExerciseTableModel.java,Model.ExerciseTableModel,getRowCount/0,exercises,1
D:\JAVA\Sivaaraj\sanjeev\project\gym-workout-maker-master\src\Model\ExerciseTableModel.java,Model.ExerciseTableModel,getColNames/0,colNames,1
D:\JAVA\Sivaaraj\sanjeev\project\gym-workout-maker-master\src\Model\ExerciseTableModel.java,Model.ExerciseTableModel,getColumnNames/0,colNames,1
D:\JAVA\Sivaaraj\sanjeev\project\gym-workout-maker-master\src\Model\ExerciseTableModel.java,Model.ExerciseTableModel,setColNames/1[java.lang.String[]],colNames,3
D:\JAVA\Sivaaraj\sanjeev\project\gym-workout-maker-master\src\Model\ExerciseTableModel.java,Model.ExerciseTableModel,makeCellsEditable/1[boolean],exercises,2
D:\JAVA\Sivaaraj\sanjeev\project\gym-workout-maker-master\src\Model\ExerciseTableModel.java,Model.ExerciseTableModel,makeCellsEditable/1[boolean],editableCells,2
D:\JAVA\Sivaaraj\sanjeev\project\gym-workout-maker-master\src\Model\ExerciseTableModel.java,Model.ExerciseTableModel,"getValueAt/2[int,int]",exercises,8
D:\JAVA\Sivaaraj\sanjeev\project\gym-workout-maker-master\src\Model\ExerciseTableModel.java,Model.ExerciseTableModel,"isCellEditable/2[int,int]",editableCells,1
D:\JAVA\Sivaaraj\sanjeev\project\gym-workout-maker-master\src\Model\ExerciseTableModel.java,Model.ExerciseTableModel,setExercises/1[java.util.ArrayList<Model.Exercise>],exercises,4
D:\JAVA\Sivaaraj\sanjeev\project\gym-workout-maker-master\src\Model\ExerciseTableModel.java,Model.ExerciseTableModel,setExercises/1[java.util.ArrayList<Model.Exercise>],editableCells,1
D:\JAVA\Sivaaraj\sanjeev\project\gym-workout-maker-master\src\Model\ExerciseTableModel.java,Model.ExerciseTableModel,ExerciseTableModel/0,exercises,1
D:\JAVA\Sivaaraj\sanjeev\project\gym-workout-maker-master\src\Model\ExerciseTableModel.java,Model.ExerciseTableModel,getExercises/0,exercises,1
D:\JAVA\Sivaaraj\sanjeev\project\gym-workout-maker-master\src\Model\ExerciseTableModel.java,Model.ExerciseTableModel,"setValueAt/3[java.lang.Object,int,int]",exercises,10
D:\JAVA\Sivaaraj\sanjeev\project\gym-workout-maker-master\src\Model\ExerciseInformation.java,Model.ExerciseInformation,ExerciseInformation/1[java.lang.String],text,3
D:\JAVA\Sivaaraj\sanjeev\project\gym-workout-maker-master\src\Model\ExerciseInformation.java,Model.ExerciseInformation,toString/0,text,1
D:\JAVA\Sivaaraj\sanjeev\project\gym-workout-maker-master\src\Model\WorkoutRoutine.java,Model.WorkoutRoutine,setPerson/1[java.lang.String],person,3
D:\JAVA\Sivaaraj\sanjeev\project\gym-workout-maker-master\src\Model\WorkoutRoutine.java,Model.WorkoutRoutine,toString/0,person,1
D:\JAVA\Sivaaraj\sanjeev\project\gym-workout-maker-master\src\Model\WorkoutRoutine.java,Model.WorkoutRoutine,getId/0,id,1
D:\JAVA\Sivaaraj\sanjeev\project\gym-workout-maker-master\src\Model\WorkoutRoutine.java,Model.WorkoutRoutine,getWorkouts/0,workouts,1
D:\JAVA\Sivaaraj\sanjeev\project\gym-workout-maker-master\src\Model\WorkoutRoutine.java,Model.WorkoutRoutine,setId/1[int],id,3
D:\JAVA\Sivaaraj\sanjeev\project\gym-workout-maker-master\src\Model\WorkoutRoutine.java,Model.WorkoutRoutine,setWorkouts/1[java.util.ArrayList<Model.Workout>],workouts,3
D:\JAVA\Sivaaraj\sanjeev\project\gym-workout-maker-master\src\Model\WorkoutRoutine.java,Model.WorkoutRoutine,getPerson/0,person,1
D:\JAVA\Sivaaraj\sanjeev\project\gym-workout-maker-master\src\GUI\ExerciseInformationRenderer.java,GUI.ExerciseInformationRenderer,"getTableCellRendererComponent/6[javax.swing.JTable,java.lang.Object,boolean,boolean,int,int]",combo,2
D:\JAVA\Sivaaraj\sanjeev\project\gym-workout-maker-master\src\GUI\ExerciseInformationRenderer.java,GUI.ExerciseInformationRenderer,ExerciseInformationRenderer/0,combo,1
D:\JAVA\Sivaaraj\sanjeev\project\gym-workout-maker-master\src\GUI\EditWorkout.java,GUI.EditWorkout,EditWorkout/1[javax.swing.tree.DefaultMutableTreeNode],node,4
D:\JAVA\Sivaaraj\sanjeev\project\gym-workout-maker-master\src\GUI\EditWorkout.java,GUI.EditWorkout,EditWorkout/1[javax.swing.tree.DefaultMutableTreeNode],workout,1
D:\JAVA\Sivaaraj\sanjeev\project\gym-workout-maker-master\src\GUI\EditWorkout.java,GUI.EditWorkout,initComponents/0,workout,1
D:\JAVA\Sivaaraj\sanjeev\project\gym-workout-maker-master\src\GUI\EditWorkout.java,GUI.EditWorkout,initComponents/0,cancelBtn,2
D:\JAVA\Sivaaraj\sanjeev\project\gym-workout-maker-master\src\GUI\EditWorkout.java,GUI.EditWorkout,initComponents/0,weekText,3
D:\JAVA\Sivaaraj\sanjeev\project\gym-workout-maker-master\src\GUI\EditWorkout.java,GUI.EditWorkout,initComponents/0,addBtn,2
D:\JAVA\Sivaaraj\sanjeev\project\gym-workout-maker-master\src\GUI\EditWorkout.java,GUI.EditWorkout,setupUI/0,cancelBtn,1
D:\JAVA\Sivaaraj\sanjeev\project\gym-workout-maker-master\src\GUI\EditWorkout.java,GUI.EditWorkout,setupUI/0,weekText,1
D:\JAVA\Sivaaraj\sanjeev\project\gym-workout-maker-master\src\GUI\EditWorkout.java,GUI.EditWorkout,setupUI/0,addBtn,1
D:\JAVA\Sivaaraj\sanjeev\project\gym-workout-maker-master\src\GUI\EditWorkout.java,GUI.EditWorkout,actionPerformed/1[java.awt.event.ActionEvent],node,1
D:\JAVA\Sivaaraj\sanjeev\project\gym-workout-maker-master\src\GUI\EditWorkout.java,GUI.EditWorkout,actionPerformed/1[java.awt.event.ActionEvent],cancelBtn,1
D:\JAVA\Sivaaraj\sanjeev\project\gym-workout-maker-master\src\GUI\EditWorkout.java,GUI.EditWorkout,actionPerformed/1[java.awt.event.ActionEvent],workout,2
D:\JAVA\Sivaaraj\sanjeev\project\gym-workout-maker-master\src\GUI\EditWorkout.java,GUI.EditWorkout,actionPerformed/1[java.awt.event.ActionEvent],weekText,1
D:\JAVA\Sivaaraj\sanjeev\project\gym-workout-maker-master\src\GUI\EditWorkout.java,GUI.EditWorkout,actionPerformed/1[java.awt.event.ActionEvent],addBtn,1
D:\JAVA\Sivaaraj\sanjeev\project\gym-workout-maker-master\src\GUI\MainFrame.java,GUI.MainFrame,centerFrame/1[javax.swing.JFrame],frame,4
D:\JAVA\Sivaaraj\sanjeev\project\gym-workout-maker-master\src\GUI\MainFrame.java,GUI.MainFrame,actionPerformed/1[java.awt.event.ActionEvent],controller,4
D:\JAVA\Sivaaraj\sanjeev\project\gym-workout-maker-master\src\GUI\MainFrame.java,GUI.MainFrame,actionPerformed/1[java.awt.event.ActionEvent],exerciseBtn,1
D:\JAVA\Sivaaraj\sanjeev\project\gym-workout-maker-master\src\GUI\MainFrame.java,GUI.MainFrame,actionPerformed/1[java.awt.event.ActionEvent],addExerciseItem,1
D:\JAVA\Sivaaraj\sanjeev\project\gym-workout-maker-master\src\GUI\MainFrame.java,GUI.MainFrame,actionPerformed/1[java.awt.event.ActionEvent],pdfBtn,1
D:\JAVA\Sivaaraj\sanjeev\project\gym-workout-maker-master\src\GUI\MainFrame.java,GUI.MainFrame,actionPerformed/1[java.awt.event.ActionEvent],exitBtn,1
D:\JAVA\Sivaaraj\sanjeev\project\gym-workout-maker-master\src\GUI\MainFrame.java,GUI.MainFrame,actionPerformed/1[java.awt.event.ActionEvent],loadWorkoutItem,1
D:\JAVA\Sivaaraj\sanjeev\project\gym-workout-maker-master\src\GUI\MainFrame.java,GUI.MainFrame,actionPerformed/1[java.awt.event.ActionEvent],treePanel,12
D:\JAVA\Sivaaraj\sanjeev\project\gym-workout-maker-master\src\GUI\MainFrame.java,GUI.MainFrame,actionPerformed/1[java.awt.event.ActionEvent],loadExercisesItem,1
D:\JAVA\Sivaaraj\sanjeev\project\gym-workout-maker-master\src\GUI\MainFrame.java,GUI.MainFrame,actionPerformed/1[java.awt.event.ActionEvent],refreshBtn,1
D:\JAVA\Sivaaraj\sanjeev\project\gym-workout-maker-master\src\GUI\MainFrame.java,GUI.MainFrame,actionPerformed/1[java.awt.event.ActionEvent],clearBtn,1
D:\JAVA\Sivaaraj\sanjeev\project\gym-workout-maker-master\src\GUI\MainFrame.java,GUI.MainFrame,actionPerformed/1[java.awt.event.ActionEvent],clearItem,1
D:\JAVA\Sivaaraj\sanjeev\project\gym-workout-maker-master\src\GUI\MainFrame.java,GUI.MainFrame,actionPerformed/1[java.awt.event.ActionEvent],pdfItem,1
D:\JAVA\Sivaaraj\sanjeev\project\gym-workout-maker-master\src\GUI\MainFrame.java,GUI.MainFrame,actionPerformed/1[java.awt.event.ActionEvent],workoutBtn,1
D:\JAVA\Sivaaraj\sanjeev\project\gym-workout-maker-master\src\GUI\MainFrame.java,GUI.MainFrame,actionPerformed/1[java.awt.event.ActionEvent],saveBtn,1
D:\JAVA\Sivaaraj\sanjeev\project\gym-workout-maker-master\src\GUI\MainFrame.java,GUI.MainFrame,actionPerformed/1[java.awt.event.ActionEvent],frame,4
D:\JAVA\Sivaaraj\sanjeev\project\gym-workout-maker-master\src\GUI\MainFrame.java,GUI.MainFrame,initComponents/0,exerciseBtn,9
D:\JAVA\Sivaaraj\sanjeev\project\gym-workout-maker-master\src\GUI\MainFrame.java,GUI.MainFrame,initComponents/0,addExerciseItem,4
D:\JAVA\Sivaaraj\sanjeev\project\gym-workout-maker-master\src\GUI\MainFrame.java,GUI.MainFrame,initComponents/0,refreshItem,4
D:\JAVA\Sivaaraj\sanjeev\project\gym-workout-maker-master\src\GUI\MainFrame.java,GUI.MainFrame,initComponents/0,pdfBtn,9
D:\JAVA\Sivaaraj\sanjeev\project\gym-workout-maker-master\src\GUI\MainFrame.java,GUI.MainFrame,initComponents/0,exitBtn,4
D:\JAVA\Sivaaraj\sanjeev\project\gym-workout-maker-master\src\GUI\MainFrame.java,GUI.MainFrame,initComponents/0,loadWorkoutItem,4
D:\JAVA\Sivaaraj\sanjeev\project\gym-workout-maker-master\src\GUI\MainFrame.java,GUI.MainFrame,initComponents/0,treePanel,3
D:\JAVA\Sivaaraj\sanjeev\project\gym-workout-maker-master\src\GUI\MainFrame.java,GUI.MainFrame,initComponents/0,toolMenu,10
D:\JAVA\Sivaaraj\sanjeev\project\gym-workout-maker-master\src\GUI\MainFrame.java,GUI.MainFrame,initComponents/0,loadExercisesItem,4
D:\JAVA\Sivaaraj\sanjeev\project\gym-workout-maker-master\src\GUI\MainFrame.java,GUI.MainFrame,initComponents/0,menu,5
D:\JAVA\Sivaaraj\sanjeev\project\gym-workout-maker-master\src\GUI\MainFrame.java,GUI.MainFrame,initComponents/0,toolbar,12
D:\JAVA\Sivaaraj\sanjeev\project\gym-workout-maker-master\src\GUI\MainFrame.java,GUI.MainFrame,initComponents/0,refreshBtn,9
D:\JAVA\Sivaaraj\sanjeev\project\gym-workout-maker-master\src\GUI\MainFrame.java,GUI.MainFrame,initComponents/0,exerciseTableModel,1
D:\JAVA\Sivaaraj\sanjeev\project\gym-workout-maker-master\src\GUI\MainFrame.java,GUI.MainFrame,initComponents/0,clearBtn,9
D:\JAVA\Sivaaraj\sanjeev\project\gym-workout-maker-master\src\GUI\MainFrame.java,GUI.MainFrame,initComponents/0,splitPane,1
D:\JAVA\Sivaaraj\sanjeev\project\gym-workout-maker-master\src\GUI\MainFrame.java,GUI.MainFrame,initComponents/0,clearItem,4
D:\JAVA\Sivaaraj\sanjeev\project\gym-workout-maker-master\src\GUI\MainFrame.java,GUI.MainFrame,initComponents/0,pdfItem,4
D:\JAVA\Sivaaraj\sanjeev\project\gym-workout-maker-master\src\GUI\MainFrame.java,GUI.MainFrame,initComponents/0,fileMenu,3
D:\JAVA\Sivaaraj\sanjeev\project\gym-workout-maker-master\src\GUI\MainFrame.java,GUI.MainFrame,initComponents/0,table,3
D:\JAVA\Sivaaraj\sanjeev\project\gym-workout-maker-master\src\GUI\MainFrame.java,GUI.MainFrame,initComponents/0,frame,3
D:\JAVA\Sivaaraj\sanjeev\project\gym-workout-maker-master\src\GUI\MainFrame.java,GUI.MainFrame,initComponents/0,workoutBtn,9
D:\JAVA\Sivaaraj\sanjeev\project\gym-workout-maker-master\src\GUI\MainFrame.java,GUI.MainFrame,initComponents/0,saveBtn,9
D:\JAVA\Sivaaraj\sanjeev\project\gym-workout-maker-master\src\GUI\MainFrame.java,GUI.MainFrame,setupUI/0,toolbar,1
D:\JAVA\Sivaaraj\sanjeev\project\gym-workout-maker-master\src\GUI\MainFrame.java,GUI.MainFrame,setupUI/0,splitPane,2
D:\JAVA\Sivaaraj\sanjeev\project\gym-workout-maker-master\src\GUI\MainFrame.java,GUI.MainFrame,setupUI/0,frame,3
D:\JAVA\Sivaaraj\sanjeev\project\gym-workout-maker-master\src\GUI\MainFrame.java,GUI.MainFrame,MainFrame/0,frame,6
D:\JAVA\Sivaaraj\sanjeev\project\gym-workout-maker-master\src\GUI\MainFrame.java,GUI.MainFrame,initLogic/0,controller,1
D:\JAVA\Sivaaraj\sanjeev\project\gym-workout-maker-master\src\GUI\MainFrame.java,GUI.MainFrame,initLogic/0,exerciseTableModel,1
D:\JAVA\Sivaaraj\sanjeev\project\gym-workout-maker-master\src\GUI\ExerciseSelectionEvent.java,GUI.ExerciseSelectionEvent,getExercises/0,exercises,1
D:\JAVA\Sivaaraj\sanjeev\project\gym-workout-maker-master\src\GUI\ExerciseSelectionEvent.java,GUI.ExerciseSelectionEvent,setExercises/1[java.util.ArrayList<Model.Exercise>],exercises,3
D:\JAVA\Sivaaraj\sanjeev\project\gym-workout-maker-master\src\GUI\ExerciseSelectionEvent.java,GUI.ExerciseSelectionEvent,"ExerciseSelectionEvent/2[java.lang.Object,java.util.ArrayList<Model.Exercise>]",exercises,3
D:\JAVA\Sivaaraj\sanjeev\project\gym-workout-maker-master\src\GUI\IconFetch.java,GUI.IconFetch,getInstance/0,instance,3
D:\JAVA\Sivaaraj\sanjeev\project\gym-workout-maker-master\src\GUI\WorkoutPanel.java,GUI.WorkoutPanel,getExercisesFromWorkoutNode/0,tree,1
D:\JAVA\Sivaaraj\sanjeev\project\gym-workout-maker-master\src\GUI\WorkoutPanel.java,GUI.WorkoutPanel,getExercisesFromWorkoutNode/0,listener,2
D:\JAVA\Sivaaraj\sanjeev\project\gym-workout-maker-master\src\GUI\WorkoutPanel.java,GUI.WorkoutPanel,"showPopup/2[java.awt.event.MouseEvent,javax.swing.JPopupMenu]",tree,1
D:\JAVA\Sivaaraj\sanjeev\project\gym-workout-maker-master\src\GUI\WorkoutPanel.java,GUI.WorkoutPanel,"showPopup/2[java.awt.event.MouseEvent,javax.swing.JPopupMenu]",menu,2
D:\JAVA\Sivaaraj\sanjeev\project\gym-workout-maker-master\src\GUI\WorkoutPanel.java,GUI.WorkoutPanel,WorkoutPanel/0,top,1
D:\JAVA\Sivaaraj\sanjeev\project\gym-workout-maker-master\src\GUI\WorkoutPanel.java,GUI.WorkoutPanel,WorkoutPanel/0,edit,2
D:\JAVA\Sivaaraj\sanjeev\project\gym-workout-maker-master\src\GUI\WorkoutPanel.java,GUI.WorkoutPanel,WorkoutPanel/0,tree,7
D:\JAVA\Sivaaraj\sanjeev\project\gym-workout-maker-master\src\GUI\WorkoutPanel.java,GUI.WorkoutPanel,WorkoutPanel/0,copy,2
D:\JAVA\Sivaaraj\sanjeev\project\gym-workout-maker-master\src\GUI\WorkoutPanel.java,GUI.WorkoutPanel,WorkoutPanel/0,paste,2
D:\JAVA\Sivaaraj\sanjeev\project\gym-workout-maker-master\src\GUI\WorkoutPanel.java,GUI.WorkoutPanel,WorkoutPanel/0,menu,4
D:\JAVA\Sivaaraj\sanjeev\project\gym-workout-maker-master\src\GUI\WorkoutPanel.java,GUI.WorkoutPanel,WorkoutPanel/0,delete,2
D:\JAVA\Sivaaraj\sanjeev\project\gym-workout-maker-master\src\GUI\WorkoutPanel.java,GUI.WorkoutPanel,addWorkoutNode/1[Model.Workout],tree,1
D:\JAVA\Sivaaraj\sanjeev\project\gym-workout-maker-master\src\GUI\WorkoutPanel.java,GUI.WorkoutPanel,addWorkouts/1[java.util.ArrayList<Model.Workout>],tree,1
D:\JAVA\Sivaaraj\sanjeev\project\gym-workout-maker-master\src\GUI\WorkoutPanel.java,GUI.WorkoutPanel,setTree/1[javax.swing.JTree],tree,3
D:\JAVA\Sivaaraj\sanjeev\project\gym-workout-maker-master\src\GUI\WorkoutPanel.java,GUI.WorkoutPanel,addExercise/0,tree,2
D:\JAVA\Sivaaraj\sanjeev\project\gym-workout-maker-master\src\GUI\WorkoutPanel.java,GUI.WorkoutPanel,setExerciseListener/1[GUI.ExerciseSelectionListener],listener,3
D:\JAVA\Sivaaraj\sanjeev\project\gym-workout-maker-master\src\GUI\WorkoutPanel.java,GUI.WorkoutPanel,getTree/0,tree,1
D:\JAVA\Sivaaraj\sanjeev\project\gym-workout-maker-master\src\GUI\WorkoutPanel.java,GUI.WorkoutPanel,addWorkout/1[javax.swing.tree.DefaultMutableTreeNode],tree,1
D:\JAVA\Sivaaraj\sanjeev\project\gym-workout-maker-master\src\GUI\WorkoutPanel.java,GUI.WorkoutPanel,addExerciseNodes/1[java.util.ArrayList<Model.Exercise>],tree,2
D:\JAVA\Sivaaraj\sanjeev\project\gym-workout-maker-master\src\GUI\WorkoutPanel.java,GUI.WorkoutPanel,clearTree/0,tree,1
D:\JAVA\Sivaaraj\sanjeev\project\gym-workout-maker-master\src\GUI\WorkoutPanel.java,GUI.WorkoutPanel,getWorkouts/0,tree,1
D:\JAVA\Sivaaraj\sanjeev\project\gym-workout-maker-master\src\GUI\WorkoutPanel.java,GUI.WorkoutPanel,reload/0,tree,1
D:\JAVA\Sivaaraj\sanjeev\project\gym-workout-maker-master\src\GUI\WorkoutPanel.java,GUI.WorkoutPanel,"expandAllNodes/3[javax.swing.JTree,int,int]",tree,5
D:\JAVA\Sivaaraj\sanjeev\project\gym-workout-maker-master\src\Model\Exercise.java,Model.Exercise,getTitle/0,title,1
D:\JAVA\Sivaaraj\sanjeev\project\gym-workout-maker-master\src\Model\Exercise.java,Model.Exercise,getEquipment/0,equipment,1
D:\JAVA\Sivaaraj\sanjeev\project\gym-workout-maker-master\src\Model\Exercise.java,Model.Exercise,setBodyPart/1[java.lang.String],bodyPart,3
D:\JAVA\Sivaaraj\sanjeev\project\gym-workout-maker-master\src\Model\Exercise.java,Model.Exercise,getNumber/0,number,1
D:\JAVA\Sivaaraj\sanjeev\project\gym-workout-maker-master\src\Model\Exercise.java,Model.Exercise,setEquipment/1[java.lang.String],equipment,3
D:\JAVA\Sivaaraj\sanjeev\project\gym-workout-maker-master\src\Model\Exercise.java,Model.Exercise,setReps/1[java.lang.String],reps,3
D:\JAVA\Sivaaraj\sanjeev\project\gym-workout-maker-master\src\Model\Exercise.java,Model.Exercise,toString/0,number,1
D:\JAVA\Sivaaraj\sanjeev\project\gym-workout-maker-master\src\Model\Exercise.java,Model.Exercise,toString/0,equipment,1
D:\JAVA\Sivaaraj\sanjeev\project\gym-workout-maker-master\src\Model\Exercise.java,Model.Exercise,setTitle/1[java.lang.String],title,3
D:\JAVA\Sivaaraj\sanjeev\project\gym-workout-maker-master\src\Model\Exercise.java,Model.Exercise,getBodyPart/0,bodyPart,1
D:\JAVA\Sivaaraj\sanjeev\project\gym-workout-maker-master\src\Model\Exercise.java,Model.Exercise,Exercise/0,exercises,1
D:\JAVA\Sivaaraj\sanjeev\project\gym-workout-maker-master\src\Model\Exercise.java,Model.Exercise,setId/1[int],id,3
D:\JAVA\Sivaaraj\sanjeev\project\gym-workout-maker-master\src\Model\Exercise.java,Model.Exercise,getNote/0,note,1
D:\JAVA\Sivaaraj\sanjeev\project\gym-workout-maker-master\src\Model\Exercise.java,Model.Exercise,"Exercise/4[int,java.lang.String,java.lang.String,java.lang.String]",equipment,3
D:\JAVA\Sivaaraj\sanjeev\project\gym-workout-maker-master\src\Model\Exercise.java,Model.Exercise,"Exercise/4[int,java.lang.String,java.lang.String,java.lang.String]",videoLink,3
D:\JAVA\Sivaaraj\sanjeev\project\gym-workout-maker-master\src\Model\Exercise.java,Model.Exercise,"Exercise/4[int,java.lang.String,java.lang.String,java.lang.String]",id,3
D:\JAVA\Sivaaraj\sanjeev\project\gym-workout-maker-master\src\Model\Exercise.java,Model.Exercise,"Exercise/4[int,java.lang.String,java.lang.String,java.lang.String]",bodyPart,3
D:\JAVA\Sivaaraj\sanjeev\project\gym-workout-maker-master\src\Model\Exercise.java,Model.Exercise,setNumber/1[int],number,3
D:\JAVA\Sivaaraj\sanjeev\project\gym-workout-maker-master\src\Model\Exercise.java,Model.Exercise,setNote/1[java.lang.String],note,3
D:\JAVA\Sivaaraj\sanjeev\project\gym-workout-maker-master\src\Model\Exercise.java,Model.Exercise,getVideoLink/0,videoLink,1
D:\JAVA\Sivaaraj\sanjeev\project\gym-workout-maker-master\src\Model\Exercise.java,Model.Exercise,setExercises/1[java.util.ArrayList<Model.Exercise>],exercises,3
D:\JAVA\Sivaaraj\sanjeev\project\gym-workout-maker-master\src\Model\Exercise.java,Model.Exercise,setVideoLink/1[java.lang.String],videoLink,3
D:\JAVA\Sivaaraj\sanjeev\project\gym-workout-maker-master\src\Model\Exercise.java,Model.Exercise,getId/0,id,1
D:\JAVA\Sivaaraj\sanjeev\project\gym-workout-maker-master\src\Model\Exercise.java,Model.Exercise,getReps/0,reps,1
D:\JAVA\Sivaaraj\sanjeev\project\gym-workout-maker-master\src\Model\Exercise.java,Model.Exercise,getExercises/0,exercises,1
D:\JAVA\Sivaaraj\sanjeev\project\gym-workout-maker-master\src\Model\Workout.java,Model.Workout,setExercises/1[java.util.ArrayList<Model.Exercise>],exercises,3
D:\JAVA\Sivaaraj\sanjeev\project\gym-workout-maker-master\src\Model\Workout.java,Model.Workout,getExercises/0,exercises,1
D:\JAVA\Sivaaraj\sanjeev\project\gym-workout-maker-master\src\Model\Workout.java,Model.Workout,setWeek/1[int],week,3
D:\JAVA\Sivaaraj\sanjeev\project\gym-workout-maker-master\src\Model\Workout.java,Model.Workout,toString/0,week,1
D:\JAVA\Sivaaraj\sanjeev\project\gym-workout-maker-master\src\Model\Workout.java,Model.Workout,getWeek/0,week,1
D:\JAVA\Sivaaraj\sanjeev\project\gym-workout-maker-master\src\Controller\Controller.java,Controller.Controller,"putExercisesInTree/2[GUI.WorkoutPanel,java.util.ArrayList<Model.Exercise>]",exercises,2
D:\JAVA\Sivaaraj\sanjeev\project\gym-workout-maker-master\src\Controller\Controller.java,Controller.Controller,Controller/0,database,2
D:\JAVA\Sivaaraj\sanjeev\project\gym-workout-maker-master\src\Controller\Controller.java,Controller.Controller,setDatabase/1[Model.Database],database,3
D:\JAVA\Sivaaraj\sanjeev\project\gym-workout-maker-master\src\Controller\Controller.java,Controller.Controller,"saveExercise/3[java.lang.String,java.lang.String,java.lang.String]",database,1
D:\JAVA\Sivaaraj\sanjeev\project\gym-workout-maker-master\src\Controller\Controller.java,Controller.Controller,"saveExercise/3[java.lang.String,java.lang.String,java.lang.String]",exercises,1
D:\JAVA\Sivaaraj\sanjeev\project\gym-workout-maker-master\src\Controller\Controller.java,Controller.Controller,getExercises/0,exercises,1
D:\JAVA\Sivaaraj\sanjeev\project\gym-workout-maker-master\src\Controller\Controller.java,Controller.Controller,setExercises/1[java.util.ArrayList<Model.Exercise>],exercises,3
D:\JAVA\Sivaaraj\sanjeev\project\gym-workout-maker-master\src\Controller\Controller.java,Controller.Controller,getExercises/1[java.lang.String],database,1
D:\JAVA\Sivaaraj\sanjeev\project\gym-workout-maker-master\src\Controller\Controller.java,Controller.Controller,getDatabase/0,database,1
D:\JAVA\Sivaaraj\sanjeev\project\gym-workout-maker-master\src\GUI\JComboCheckBox.java,GUI.JComboCheckBox$ComboBoxRenderer,"getListCellRendererComponent/5[javax.swing.JList,java.lang.Object,int,boolean,boolean]",defaultLabel,4
D:\JAVA\Sivaaraj\sanjeev\project\gym-workout-maker-master\src\Controller\Main.java,Controller.Main,"onSection/5[Controller.PdfWriter,Controller.Document,float,int,Controller.Paragraph]",document,1
D:\JAVA\Sivaaraj\sanjeev\project\gym-workout-maker-master\src\Controller\Main.java,Controller.Main,"onSection/5[Controller.PdfWriter,Controller.Document,float,int,Controller.Paragraph]",pageByTitle,1
D:\JAVA\Sivaaraj\sanjeev\project\gym-workout-maker-master\src\Controller\Main.java,Controller.Main,"onSection/5[Controller.PdfWriter,Controller.Document,float,int,Controller.Paragraph]",writer,2
D:\JAVA\Sivaaraj\sanjeev\project\gym-workout-maker-master\src\Controller\Main.java,Controller.Main,"onChapter/4[Controller.PdfWriter,Controller.Document,float,Controller.Paragraph]",document,1
D:\JAVA\Sivaaraj\sanjeev\project\gym-workout-maker-master\src\Controller\Main.java,Controller.Main,"onChapter/4[Controller.PdfWriter,Controller.Document,float,Controller.Paragraph]",pageByTitle,1
D:\JAVA\Sivaaraj\sanjeev\project\gym-workout-maker-master\src\Controller\Main.java,Controller.Main,"onChapter/4[Controller.PdfWriter,Controller.Document,float,Controller.Paragraph]",writer,2
D:\JAVA\Sivaaraj\sanjeev\project\gym-workout-maker-master\src\Controller\Main.java,Controller.Main,Main/0,document,3
D:\JAVA\Sivaaraj\sanjeev\project\gym-workout-maker-master\src\Controller\Main.java,Controller.Main,Main/0,writer,2
D:\JAVA\Sivaaraj\sanjeev\project\gym-workout-maker-master\src\Controller\Main.java,Controller.Main,createChapters/1[int],chapterFont,1
D:\JAVA\Sivaaraj\sanjeev\project\gym-workout-maker-master\src\Controller\Main.java,Controller.Main,createChapters/1[int],document,1
D:\JAVA\Sivaaraj\sanjeev\project\gym-workout-maker-master\src\Controller\Main.java,Controller.Main,createChapters/1[int],writer,2
D:\JAVA\Sivaaraj\sanjeev\project\gym-workout-maker-master\src\Controller\Main.java,Controller.Main,createChapters/1[int],baseFont,2
D:\JAVA\Sivaaraj\sanjeev\project\gym-workout-maker-master\src\Controller\Main.java,Controller.Main,createChapters/1[int],tocPlaceholder,1
D:\JAVA\Sivaaraj\sanjeev\project\gym-workout-maker-master\src\Controller\Main.java,Controller.Main,createTOC/1[int],chapterFont,1
D:\JAVA\Sivaaraj\sanjeev\project\gym-workout-maker-master\src\Controller\Main.java,Controller.Main,createTOC/1[int],document,3
D:\JAVA\Sivaaraj\sanjeev\project\gym-workout-maker-master\src\GUI\ExerciseInfoEditor.java,GUI.ExerciseInfoEditor,"getTableCellEditorComponent/5[javax.swing.JTable,java.lang.Object,boolean,int,int]",combo,3
D:\JAVA\Sivaaraj\sanjeev\project\gym-workout-maker-master\src\GUI\ExerciseInfoEditor.java,GUI.ExerciseInfoEditor,ExerciseInfoEditor/0,arr,1
D:\JAVA\Sivaaraj\sanjeev\project\gym-workout-maker-master\src\GUI\ExerciseInfoEditor.java,GUI.ExerciseInfoEditor,ExerciseInfoEditor/0,combo,1
D:\JAVA\Sivaaraj\sanjeev\project\gym-workout-maker-master\src\GUI\ExerciseInfoEditor.java,GUI.ExerciseInfoEditor,getCellEditorValue/0,combo,1
D:\JAVA\Sivaaraj\sanjeev\project\gym-workout-maker-master\src\GUI\AddWorkout.java,GUI.AddWorkout,initComponents/0,cancelBtn,2
D:\JAVA\Sivaaraj\sanjeev\project\gym-workout-maker-master\src\GUI\AddWorkout.java,GUI.AddWorkout,initComponents/0,weekText,2
D:\JAVA\Sivaaraj\sanjeev\project\gym-workout-maker-master\src\GUI\AddWorkout.java,GUI.AddWorkout,initComponents/0,addBtn,2
D:\JAVA\Sivaaraj\sanjeev\project\gym-workout-maker-master\src\GUI\AddWorkout.java,GUI.AddWorkout,setupUI/0,cancelBtn,1
D:\JAVA\Sivaaraj\sanjeev\project\gym-workout-maker-master\src\GUI\AddWorkout.java,GUI.AddWorkout,setupUI/0,weekText,1
D:\JAVA\Sivaaraj\sanjeev\project\gym-workout-maker-master\src\GUI\AddWorkout.java,GUI.AddWorkout,setupUI/0,mf,1
D:\JAVA\Sivaaraj\sanjeev\project\gym-workout-maker-master\src\GUI\AddWorkout.java,GUI.AddWorkout,setupUI/0,addBtn,1
D:\JAVA\Sivaaraj\sanjeev\project\gym-workout-maker-master\src\GUI\AddWorkout.java,GUI.AddWorkout,actionPerformed/1[java.awt.event.ActionEvent],cancelBtn,1
D:\JAVA\Sivaaraj\sanjeev\project\gym-workout-maker-master\src\GUI\AddWorkout.java,GUI.AddWorkout,actionPerformed/1[java.awt.event.ActionEvent],weekText,1
D:\JAVA\Sivaaraj\sanjeev\project\gym-workout-maker-master\src\GUI\AddWorkout.java,GUI.AddWorkout,actionPerformed/1[java.awt.event.ActionEvent],addBtn,1
D:\JAVA\Sivaaraj\sanjeev\project\gym-workout-maker-master\src\GUI\AddWorkout.java,GUI.AddWorkout,AddWorkout/1[GUI.MainFrame],mf,3
D:\JAVA\Sivaaraj\sanjeev\project\gym-workout-maker-master\src\GUI\TreeDragAndDrop.java,GUI.TreeDragAndDrop$NodesTransferable,NodesTransferable/1[javax.swing.tree.DefaultMutableTreeNode[]],nodes,3
D:\JAVA\Sivaaraj\sanjeev\project\gym-workout-maker-master\src\GUI\TreeDragAndDrop.java,GUI.TreeDragAndDrop$NodesTransferable,getTransferData/1[java.awt.datatransfer.DataFlavor],nodes,1
