file,class,method,constructor,line,cbo,cboModified,fanin,fanout,wmc,rfc,loc,returnsQty,variablesQty,parametersQty,methodsInvokedQty,methodsInvokedLocalQty,methodsInvokedIndirectLocalQty,loopQty,comparisonsQty,tryCatchQty,parenthesizedExpsQty,stringLiteralsQty,numbersQty,assignmentsQty,mathOperationsQty,maxNestedBlocksQty,anonymousClassesQty,innerClassesQty,lambdasQty,uniqueWordsQty,modifiers,logStatementsQty,hasJavaDoc
D:\JAVA\Sivaaraj\sanjeev\project\gym-workout-maker-master\src\GUI\WorkoutPanel.java,GUI.WorkoutPanel$Anonymous2,actionPerformed/1[java.awt.event.ActionEvent],false,73,2,4,0,4,2,3,6,0,1,1,3,0,0,0,0,0,0,0,0,2,0,1,0,0,0,14,1,0,false
D:\JAVA\Sivaaraj\sanjeev\project\gym-workout-maker-master\src\GUI\LoadExercise.java,GUI.LoadExercise$Anonymous1,dispatchKeyEvent/1[java.awt.event.KeyEvent],false,85,1,1,0,1,5,4,19,1,0,1,4,0,0,0,2,0,0,1,0,2,0,3,0,0,0,10,1,0,false
D:\JAVA\Sivaaraj\sanjeev\project\gym-workout-maker-master\src\GUI\WorkoutPanel.java,GUI.WorkoutPanel$Anonymous1,actionPerformed/1[java.awt.event.ActionEvent],false,56,2,4,0,4,3,4,10,0,2,1,4,0,0,0,0,0,0,0,0,2,0,1,0,0,0,14,1,0,false
D:\JAVA\Sivaaraj\sanjeev\project\gym-workout-maker-master\src\Controller\WorkoutPDF.java,Controller.WorkoutPDF,alignRight/1[Controller.PdfPCell],false,459,1,3,3,0,1,2,4,0,0,1,2,0,0,0,0,0,0,0,0,0,0,0,0,0,0,6,1,0,false
D:\JAVA\Sivaaraj\sanjeev\project\gym-workout-maker-master\src\Controller\WorkoutPDF.java,Controller.WorkoutPDF,addBorderBottom/1[Controller.PdfPCell],false,473,1,2,2,0,1,3,5,0,0,1,3,0,0,0,0,0,0,0,1,0,0,0,0,0,0,10,1,0,false
D:\JAVA\Sivaaraj\sanjeev\project\gym-workout-maker-master\src\Controller\WorkoutPDF.java,Controller.WorkoutPDF,"WorkoutPDF/3[java.util.ArrayList<Model.Workout>,java.lang.String,java.lang.String]",true,53,3,4,1,3,2,12,21,0,3,3,12,3,14,0,0,1,0,0,0,4,0,1,0,0,0,25,1,0,false
D:\JAVA\Sivaaraj\sanjeev\project\gym-workout-maker-master\src\Controller\WorkoutPDF.java,Controller.WorkoutPDF,alignCenter/1[Controller.PdfPCell],false,464,1,2,2,0,1,2,4,0,0,1,2,0,0,0,0,0,0,0,0,0,0,0,0,0,0,6,1,0,false
D:\JAVA\Sivaaraj\sanjeev\project\gym-workout-maker-master\src\Controller\WorkoutPDF.java,Controller.WorkoutPDF,borderCell/0,false,427,2,3,1,2,1,7,11,1,1,0,7,2,1,0,0,0,0,0,3,1,0,0,0,0,0,10,1,0,false
D:\JAVA\Sivaaraj\sanjeev\project\gym-workout-maker-master\src\Controller\WorkoutPDF.java,Controller.WorkoutPDF,setColHeight/1[Controller.PdfPCell],false,469,1,2,2,0,1,1,3,0,0,1,1,0,0,0,0,0,0,0,0,0,0,0,0,0,0,8,1,0,false
D:\JAVA\Sivaaraj\sanjeev\project\gym-workout-maker-master\src\Controller\WorkoutPDF.java,Controller.WorkoutPDF,"insertPageNumber/2[java.lang.String,java.lang.String]",false,75,4,1,1,0,2,5,12,0,5,2,5,0,0,1,0,0,0,1,4,5,0,1,0,0,0,22,1,0,false
D:\JAVA\Sivaaraj\sanjeev\project\gym-workout-maker-master\src\Controller\WorkoutPDF.java,Controller.WorkoutPDF,"header/3[int,int,java.lang.String]",false,197,3,3,1,2,1,4,7,1,1,3,4,2,3,0,0,0,0,0,4,1,0,0,0,0,0,9,1,0,false
D:\JAVA\Sivaaraj\sanjeev\project\gym-workout-maker-master\src\Controller\WorkoutPDF.java,Controller.WorkoutPDF,createTable/1[Controller.Document],false,105,6,17,1,16,17,26,70,0,11,1,26,10,13,5,5,0,0,4,13,14,1,6,0,0,0,35,2,0,false
D:\JAVA\Sivaaraj\sanjeev\project\gym-workout-maker-master\src\Controller\WorkoutPDF.java,Controller.WorkoutPDF,header/1[java.lang.String],false,207,3,2,0,2,1,4,7,1,1,1,4,2,3,0,0,0,0,0,4,1,0,0,0,0,0,8,1,0,false
D:\JAVA\Sivaaraj\sanjeev\project\gym-workout-maker-master\src\Controller\WorkoutPDF.java,Controller.WorkoutPDF,logoCell/0,false,244,3,4,2,2,2,8,18,1,2,0,8,2,1,0,0,1,0,1,2,4,0,1,0,0,0,18,1,0,false
D:\JAVA\Sivaaraj\sanjeev\project\gym-workout-maker-master\src\Controller\WorkoutPDF.java,Controller.WorkoutPDF,alignLeft/1[Controller.PdfPCell],false,454,1,4,4,0,1,2,4,0,0,1,2,0,0,0,0,0,0,0,0,0,0,0,0,0,0,6,1,0,false
D:\JAVA\Sivaaraj\sanjeev\project\gym-workout-maker-master\src\Controller\WorkoutPDF.java,Controller.WorkoutPDF,"setCell/2[Model.Exercise,java.lang.String]",false,353,4,4,1,3,1,7,10,1,2,2,7,1,1,0,0,0,0,0,0,2,0,0,0,0,0,12,1,0,false
D:\JAVA\Sivaaraj\sanjeev\project\gym-workout-maker-master\src\Controller\WorkoutPDF.java,Controller.WorkoutPDF,childSetCell/1[Model.Exercise],false,380,4,4,1,3,1,8,10,1,1,1,8,1,1,0,0,0,0,0,1,1,0,0,0,0,0,12,1,0,false
D:\JAVA\Sivaaraj\sanjeev\project\gym-workout-maker-master\src\Controller\WorkoutPDF.java,Controller.WorkoutPDF,websiteChildCell/1[java.lang.String],false,315,4,3,1,2,1,8,14,1,3,1,8,2,1,0,0,0,0,1,2,3,0,0,0,0,0,15,1,0,false
D:\JAVA\Sivaaraj\sanjeev\project\gym-workout-maker-master\src\Controller\WorkoutPDF.java,Controller.WorkoutPDF,removeBorder/1[Controller.PdfPCell],false,479,1,10,10,0,1,1,3,0,0,1,1,0,0,0,0,0,0,0,0,0,0,0,0,0,0,6,1,0,false
D:\JAVA\Sivaaraj\sanjeev\project\gym-workout-maker-master\src\Controller\WorkoutPDF.java,Controller.WorkoutPDF,noteCell/1[Model.Exercise],false,397,6,4,1,3,3,11,22,1,4,1,11,2,1,0,1,0,0,2,3,4,0,1,0,0,0,17,1,0,false
D:\JAVA\Sivaaraj\sanjeev\project\gym-workout-maker-master\src\Controller\WorkoutPDF.java,Controller.WorkoutPDF,websiteCell/1[java.lang.String],false,293,4,3,1,2,1,7,13,1,3,1,7,2,1,0,0,0,0,1,1,3,0,0,0,0,0,14,1,0,false
D:\JAVA\Sivaaraj\sanjeev\project\gym-workout-maker-master\src\Controller\WorkoutPDF.java,Controller.WorkoutPDF,addMetaData/1[Controller.Document],false,89,1,1,1,0,1,5,7,0,0,1,5,0,0,0,0,0,0,5,0,0,0,0,0,0,0,5,2,0,false
D:\JAVA\Sivaaraj\sanjeev\project\gym-workout-maker-master\src\Controller\WorkoutPDF.java,Controller.WorkoutPDF,"headerCell/3[int,int,java.lang.String]",false,217,3,3,1,2,1,9,10,1,1,3,9,2,1,0,0,0,1,3,2,1,2,0,0,0,0,16,1,0,false
D:\JAVA\Sivaaraj\sanjeev\project\gym-workout-maker-master\src\Controller\WorkoutPDF.java,Controller.WorkoutPDF,"getWatermarkedImage/3[Controller.PdfContentByte,Controller.Image,java.lang.String]",false,444,4,0,0,0,1,6,8,1,3,3,6,0,0,0,0,0,0,0,7,3,2,0,0,0,0,14,1,0,false
D:\JAVA\Sivaaraj\sanjeev\project\gym-workout-maker-master\src\Controller\WorkoutPDF.java,Controller.WorkoutPDF,headerCell/1[java.lang.String],false,232,3,3,1,2,1,7,10,1,1,1,7,2,1,0,0,0,0,0,2,1,0,0,0,0,0,13,1,0,false
D:\JAVA\Sivaaraj\sanjeev\project\gym-workout-maker-master\src\Controller\WorkoutPDF.java,Controller.WorkoutPDF,emptyCell/0,false,366,2,4,1,3,1,7,11,1,1,0,7,3,1,0,0,0,0,0,2,1,0,0,0,0,0,10,1,0,false
D:\JAVA\Sivaaraj\sanjeev\project\gym-workout-maker-master\src\Controller\WorkoutPDF.java,Controller.WorkoutPDF,numberCell/1[java.lang.String],false,268,4,5,1,4,2,10,20,1,2,1,10,3,1,0,0,1,0,1,2,3,0,1,0,0,0,20,1,0,false
D:\JAVA\Sivaaraj\sanjeev\project\gym-workout-maker-master\src\Controller\WorkoutPDF.java,Controller.WorkoutPDF,titleCell/1[int],false,338,3,2,1,1,2,4,10,1,2,1,4,1,1,0,0,0,0,2,3,3,0,1,0,0,0,11,1,0,false
D:\JAVA\Sivaaraj\sanjeev\project\gym-workout-maker-master\src\Controller\WorkoutPDF.java,Controller.WorkoutPDF,"getCell/2[java.lang.String,int]",false,97,2,0,0,0,1,3,7,1,1,2,3,0,0,0,0,0,0,0,1,1,0,0,0,0,0,8,1,0,false
D:\JAVA\Sivaaraj\sanjeev\project\gym-workout-maker-master\src\GUI\LoadExercise.java,GUI.LoadExercise,"LoadExercise/2[GUI.MainFrame,java.util.ArrayList<Model.Exercise>]",true,37,5,6,1,5,1,9,11,0,0,2,9,2,1,0,0,0,0,0,0,3,0,0,0,0,0,19,1,0,false
D:\JAVA\Sivaaraj\sanjeev\project\gym-workout-maker-master\src\GUI\LoadExercise.java,GUI.LoadExercise,actionPerformed/1[java.awt.event.ActionEvent],false,143,5,5,0,5,5,11,18,0,3,1,11,1,2,1,2,0,0,0,2,3,0,3,0,0,0,14,1,0,false
D:\JAVA\Sivaaraj\sanjeev\project\gym-workout-maker-master\src\GUI\LoadExercise.java,GUI.LoadExercise,isEnterPressed/0,false,51,1,0,0,0,1,0,5,1,0,0,0,0,0,0,0,0,0,0,0,0,0,1,0,0,0,4,9,0,false
D:\JAVA\Sivaaraj\sanjeev\project\gym-workout-maker-master\src\GUI\LoadExercise.java,GUI.LoadExercise,setupUI/0,false,108,0,2,2,0,1,2,27,0,2,0,2,0,0,0,0,0,0,0,10,20,0,0,0,0,0,11,1,0,false
D:\JAVA\Sivaaraj\sanjeev\project\gym-workout-maker-master\src\GUI\LoadExercise.java,GUI.LoadExercise,initComponents/0,false,57,2,4,1,3,2,10,40,0,1,0,10,0,0,1,0,0,0,3,11,6,0,1,1,0,0,30,1,0,false
D:\JAVA\Sivaaraj\sanjeev\project\gym-workout-maker-master\src\GUI\LoadExercise.java,GUI.LoadExercise,loadExercises/0,false,162,4,7,2,5,3,16,27,0,1,0,16,1,1,1,0,0,0,2,3,5,0,2,1,0,0,19,1,0,false
D:\JAVA\Sivaaraj\sanjeev\project\gym-workout-maker-master\src\GUI\AddExercise.java,GUI.AddExercise,actionPerformed/1[java.awt.event.ActionEvent],false,105,1,1,0,1,3,4,12,0,3,1,4,0,0,0,2,0,0,0,0,3,0,1,0,0,0,11,1,0,false
D:\JAVA\Sivaaraj\sanjeev\project\gym-workout-maker-master\src\GUI\AddExercise.java,GUI.AddExercise,initComponents/0,false,34,0,1,1,0,1,3,12,0,0,0,3,0,0,0,0,0,0,3,8,5,0,0,0,0,0,18,1,0,false
D:\JAVA\Sivaaraj\sanjeev\project\gym-workout-maker-master\src\GUI\AddExercise.java,GUI.AddExercise,AddExercise/1[GUI.MainFrame],true,25,2,3,1,2,1,4,7,0,0,1,4,2,1,0,0,0,0,0,0,1,0,0,0,0,0,16,1,0,false
D:\JAVA\Sivaaraj\sanjeev\project\gym-workout-maker-master\src\GUI\AddExercise.java,GUI.AddExercise,setupUI/0,false,49,1,2,1,1,1,5,43,0,2,0,5,0,0,0,0,0,0,3,10,24,0,0,0,0,0,18,1,0,false
D:\JAVA\Sivaaraj\sanjeev\project\gym-workout-maker-master\src\GUI\TreeDragAndDrop.java,GUI.TreeDragAndDrop,"exportDone/3[javax.swing.JComponent,java.awt.datatransfer.Transferable,int]",false,132,0,0,0,0,4,2,9,0,3,3,2,0,0,1,1,0,1,0,1,3,0,2,0,0,0,16,4,0,false
D:\JAVA\Sivaaraj\sanjeev\project\gym-workout-maker-master\src\GUI\TreeDragAndDrop.java,GUI.TreeDragAndDrop,importData/1[javax.swing.TransferHandler.TransferSupport],false,147,1,1,0,1,6,13,30,2,10,1,13,1,2,1,1,1,0,2,2,12,2,1,0,0,0,33,1,0,false
D:\JAVA\Sivaaraj\sanjeev\project\gym-workout-maker-master\src\GUI\TreeDragAndDrop.java,GUI.TreeDragAndDrop,createTransferable/1[javax.swing.JComponent],false,93,2,2,0,2,5,9,29,2,9,1,9,1,1,1,1,0,0,0,2,10,0,3,0,0,0,22,4,0,false
D:\JAVA\Sivaaraj\sanjeev\project\gym-workout-maker-master\src\GUI\TreeDragAndDrop.java,GUI.TreeDragAndDrop,TreeDragAndDrop/0,true,18,0,1,1,0,2,3,10,0,1,0,3,0,0,0,0,1,0,3,1,3,2,1,0,0,0,14,1,0,false
D:\JAVA\Sivaaraj\sanjeev\project\gym-workout-maker-master\src\GUI\TreeDragAndDrop.java,GUI.TreeDragAndDrop,copy/1[javax.swing.tree.TreeNode],false,128,0,1,1,0,1,0,3,1,0,1,0,0,0,0,0,0,0,0,0,0,0,0,0,0,0,9,2,0,true
D:\JAVA\Sivaaraj\sanjeev\project\gym-workout-maker-master\src\GUI\TreeDragAndDrop.java,GUI.TreeDragAndDrop,getSourceActions/1[javax.swing.JComponent],false,143,0,0,0,0,1,0,3,1,0,1,0,0,0,0,0,0,0,0,0,0,0,0,0,0,0,15,1,0,false
D:\JAVA\Sivaaraj\sanjeev\project\gym-workout-maker-master\src\GUI\TreeDragAndDrop.java,GUI.TreeDragAndDrop,toString/0,false,180,0,0,0,0,1,2,3,1,0,0,2,0,0,0,0,0,0,0,0,0,0,0,0,0,0,4,1,0,false
D:\JAVA\Sivaaraj\sanjeev\project\gym-workout-maker-master\src\GUI\TreeDragAndDrop.java,GUI.TreeDragAndDrop,canImport/1[javax.swing.TransferHandler.TransferSupport],false,29,4,2,1,1,10,15,34,7,11,1,15,1,1,1,2,0,2,0,3,11,0,2,0,0,0,34,1,0,false
D:\JAVA\Sivaaraj\sanjeev\project\gym-workout-maker-master\src\GUI\TreeDragAndDrop.java,GUI.TreeDragAndDrop,haveCompleteNode/1[javax.swing.JTree],false,70,2,1,1,0,7,6,18,4,6,1,6,0,0,1,1,0,0,0,5,7,1,3,0,0,0,20,2,0,false
D:\JAVA\Sivaaraj\sanjeev\project\gym-workout-maker-master\src\Controller\Main.java,Controller.Main$Anonymous1,"draw/6[Controller.PdfContentByte,float,float,float,float,float]",false,80,2,0,0,0,1,3,5,0,1,6,3,0,0,0,0,0,0,0,3,1,1,0,0,0,0,7,1,0,false
D:\JAVA\Sivaaraj\sanjeev\project\gym-workout-maker-master\src\GUI\LoadExercise.java,GUI.LoadExercise$Anonymous2,"compare/2[Model.Exercise,Model.Exercise]",false,168,1,1,0,1,1,2,3,1,0,2,2,0,0,0,0,0,0,0,0,0,0,0,0,0,0,3,1,0,false
D:\JAVA\Sivaaraj\sanjeev\project\gym-workout-maker-master\src\GUI\ExerciseSelectionListener.java,GUI.ExerciseSelectionListener,exerciseSelectionEventOccurred/1[GUI.ExerciseSelectionEvent],false,7,1,1,1,0,1,0,1,0,0,1,0,0,0,0,0,0,0,0,0,0,0,0,0,0,0,6,1,0,false
D:\JAVA\Sivaaraj\sanjeev\project\gym-workout-maker-master\src\GUI\MainFrame.java,GUI.MainFrame$Anonymous1,exerciseSelectionEventOccurred/1[GUI.ExerciseSelectionEvent],false,223,2,3,0,3,1,5,6,0,0,1,5,0,0,0,0,0,0,0,0,0,0,0,0,0,0,7,1,0,false
D:\JAVA\Sivaaraj\sanjeev\project\gym-workout-maker-master\src\Controller\WatermarkedCell.java,Controller.WatermarkedCell,WatermarkedCell/1[java.lang.String],true,17,0,1,1,0,1,0,3,0,0,1,0,0,0,0,0,0,0,0,0,1,0,0,0,0,0,3,1,0,false
D:\JAVA\Sivaaraj\sanjeev\project\gym-workout-maker-master\src\Controller\WatermarkedCell.java,Controller.WatermarkedCell,"cellLayout/3[Controller.PdfPCell,Controller.Rectangle,Controller.PdfContentByte[]]",false,22,4,0,0,0,1,5,4,0,1,3,5,0,0,0,0,0,2,0,6,1,6,0,0,0,0,10,1,0,false
D:\JAVA\Sivaaraj\sanjeev\project\gym-workout-maker-master\src\Model\Database.java,Model.Database,Database/0,true,18,1,3,1,2,1,2,4,0,0,0,2,2,3,0,0,0,0,0,0,0,0,0,0,0,0,4,1,0,false
D:\JAVA\Sivaaraj\sanjeev\project\gym-workout-maker-master\src\Model\Database.java,Model.Database,isExerciseExists/1[int],false,80,1,2,0,2,3,7,20,2,3,1,7,2,1,0,0,1,0,1,1,3,0,2,0,0,0,28,1,0,false
D:\JAVA\Sivaaraj\sanjeev\project\gym-workout-maker-master\src\Model\Database.java,Model.Database,createExerciseTable/0,false,61,1,3,1,2,2,5,15,0,2,0,5,2,1,0,0,1,0,6,0,2,1,1,0,0,0,40,1,0,false
D:\JAVA\Sivaaraj\sanjeev\project\gym-workout-maker-master\src\Model\Database.java,Model.Database,getExercises/0,false,148,2,10,3,7,5,15,31,1,5,0,15,2,1,1,2,1,0,5,0,5,0,2,0,0,0,26,1,0,false
D:\JAVA\Sivaaraj\sanjeev\project\gym-workout-maker-master\src\Model\Database.java,Model.Database,disconnect/0,false,34,0,6,6,0,3,2,10,0,0,0,2,0,0,0,1,1,0,0,0,0,0,2,0,0,0,8,1,0,false
D:\JAVA\Sivaaraj\sanjeev\project\gym-workout-maker-master\src\Model\Database.java,Model.Database,createDatabase/0,false,44,1,3,1,2,2,5,16,0,2,0,5,2,1,0,0,1,0,3,0,4,2,1,0,0,0,28,1,0,false
D:\JAVA\Sivaaraj\sanjeev\project\gym-workout-maker-master\src\Model\Database.java,Model.Database,connect/0,false,23,0,6,6,0,3,3,12,0,0,0,3,0,0,0,0,1,0,1,0,1,0,1,0,0,0,10,1,0,false
D:\JAVA\Sivaaraj\sanjeev\project\gym-workout-maker-master\src\Model\Database.java,Model.Database,"updateExercise/5[int,int,java.lang.String,java.lang.String,java.lang.String]",false,128,1,2,0,2,2,8,20,0,2,5,8,2,1,0,0,1,0,1,5,2,0,1,0,0,0,26,1,0,false
D:\JAVA\Sivaaraj\sanjeev\project\gym-workout-maker-master\src\Model\Database.java,Model.Database,"insertExercise/3[java.lang.String,java.lang.String,java.lang.String]",false,101,1,3,1,2,3,10,28,1,4,3,10,2,1,0,0,2,0,2,5,5,0,3,0,0,0,31,1,0,false
D:\JAVA\Sivaaraj\sanjeev\project\gym-workout-maker-master\src\Model\ExerciseTableModel.java,Model.ExerciseTableModel,getColumnName/1[int],false,67,0,0,0,0,1,0,3,1,0,1,0,0,0,0,0,0,0,0,0,0,0,0,0,0,0,4,1,0,false
D:\JAVA\Sivaaraj\sanjeev\project\gym-workout-maker-master\src\Model\ExerciseTableModel.java,Model.ExerciseTableModel,addExercises/1[java.util.ArrayList<Model.Exercise>],false,41,2,1,1,0,2,3,7,0,1,1,3,0,0,1,0,0,0,0,1,2,0,1,0,0,0,6,1,0,false
D:\JAVA\Sivaaraj\sanjeev\project\gym-workout-maker-master\src\Model\ExerciseTableModel.java,Model.ExerciseTableModel,getEditableCells/0,false,18,1,0,0,0,1,0,3,1,0,0,0,0,0,0,0,0,0,0,0,0,0,0,0,0,0,4,1,0,false
D:\JAVA\Sivaaraj\sanjeev\project\gym-workout-maker-master\src\Model\ExerciseTableModel.java,Model.ExerciseTableModel,getRowCount/0,false,81,0,0,0,0,1,1,3,1,0,0,1,0,0,0,0,0,0,0,0,0,0,0,0,0,0,3,1,0,false
D:\JAVA\Sivaaraj\sanjeev\project\gym-workout-maker-master\src\Model\ExerciseTableModel.java,Model.ExerciseTableModel,getColNames/0,false,58,0,0,0,0,1,0,3,1,0,0,0,0,0,0,0,0,0,0,0,0,0,0,0,0,0,4,1,0,false
D:\JAVA\Sivaaraj\sanjeev\project\gym-workout-maker-master\src\Model\ExerciseTableModel.java,Model.ExerciseTableModel,getColumnNames/0,false,71,0,0,0,0,1,0,3,1,0,0,0,0,0,0,0,0,0,0,0,0,0,0,0,0,0,4,1,0,false
D:\JAVA\Sivaaraj\sanjeev\project\gym-workout-maker-master\src\Model\ExerciseTableModel.java,Model.ExerciseTableModel,setColNames/1[java.lang.String[]],false,62,0,0,0,0,1,0,3,0,0,1,0,0,0,0,0,0,0,0,0,1,0,0,0,0,0,4,1,0,false
D:\JAVA\Sivaaraj\sanjeev\project\gym-workout-maker-master\src\Model\ExerciseTableModel.java,Model.ExerciseTableModel,makeCellsEditable/1[boolean],false,29,1,1,1,0,3,2,10,0,2,1,2,0,0,2,0,0,0,0,2,4,0,2,0,0,0,6,1,0,false
D:\JAVA\Sivaaraj\sanjeev\project\gym-workout-maker-master\src\Model\ExerciseTableModel.java,Model.ExerciseTableModel,"getValueAt/2[int,int]",false,86,1,8,0,8,9,9,21,9,0,2,9,0,0,0,0,0,0,0,8,0,0,1,0,0,0,7,1,0,false
D:\JAVA\Sivaaraj\sanjeev\project\gym-workout-maker-master\src\Model\ExerciseTableModel.java,Model.ExerciseTableModel,getColumnCount/0,false,76,0,0,0,0,1,0,3,1,0,0,0,0,0,0,0,0,0,0,0,0,0,0,0,0,0,3,1,0,false
D:\JAVA\Sivaaraj\sanjeev\project\gym-workout-maker-master\src\Model\ExerciseTableModel.java,Model.ExerciseTableModel,"isCellEditable/2[int,int]",false,23,0,0,0,0,1,0,3,1,0,2,0,0,0,0,0,0,0,0,0,0,0,0,0,0,0,4,1,0,false
D:\JAVA\Sivaaraj\sanjeev\project\gym-workout-maker-master\src\Model\ExerciseTableModel.java,Model.ExerciseTableModel,setExercises/1[java.util.ArrayList<Model.Exercise>],false,53,2,1,1,0,1,1,4,0,0,1,1,0,0,0,0,0,0,0,0,2,0,0,0,0,0,5,1,0,false
D:\JAVA\Sivaaraj\sanjeev\project\gym-workout-maker-master\src\Model\ExerciseTableModel.java,Model.ExerciseTableModel,ExerciseTableModel/0,true,14,1,1,1,0,1,0,3,0,0,0,0,0,0,0,0,0,0,0,0,1,0,0,0,0,0,4,1,0,false
D:\JAVA\Sivaaraj\sanjeev\project\gym-workout-maker-master\src\Model\ExerciseTableModel.java,Model.ExerciseTableModel,getExercises/0,false,49,1,0,0,0,1,0,3,1,0,0,0,0,0,0,0,0,0,0,0,0,0,0,0,0,0,3,1,0,false
D:\JAVA\Sivaaraj\sanjeev\project\gym-workout-maker-master\src\Model\ExerciseTableModel.java,Model.ExerciseTableModel,"setValueAt/3[java.lang.Object,int,int]",false,109,1,8,0,8,10,13,44,3,2,3,13,0,0,0,2,1,0,0,8,3,0,2,0,0,0,14,1,0,false
D:\JAVA\Sivaaraj\sanjeev\project\gym-workout-maker-master\src\Model\ExerciseInformation.java,Model.ExerciseInformation,ExerciseInformation/1[java.lang.String],true,10,0,0,0,0,1,0,3,0,0,1,0,0,0,0,0,0,0,0,0,1,0,0,0,0,0,3,2,0,false
D:\JAVA\Sivaaraj\sanjeev\project\gym-workout-maker-master\src\Model\ExerciseInformation.java,Model.ExerciseInformation,toString/0,false,15,0,0,0,0,1,0,3,1,0,0,0,0,0,0,0,0,0,0,0,0,0,0,0,0,0,3,1,0,false
D:\JAVA\Sivaaraj\sanjeev\project\gym-workout-maker-master\src\Model\WorkoutRoutine.java,Model.WorkoutRoutine,setPerson/1[java.lang.String],false,23,0,0,0,0,1,0,3,0,0,1,0,0,0,0,0,0,0,0,0,1,0,0,0,0,0,3,1,0,false
D:\JAVA\Sivaaraj\sanjeev\project\gym-workout-maker-master\src\Model\WorkoutRoutine.java,Model.WorkoutRoutine,toString/0,false,35,0,0,0,0,1,0,3,1,0,0,0,0,0,0,0,0,0,0,0,0,0,0,0,0,0,3,1,0,false
D:\JAVA\Sivaaraj\sanjeev\project\gym-workout-maker-master\src\Model\WorkoutRoutine.java,Model.WorkoutRoutine,getId/0,false,11,0,0,0,0,1,0,3,1,0,0,0,0,0,0,0,0,0,0,0,0,0,0,0,0,0,3,1,0,false
D:\JAVA\Sivaaraj\sanjeev\project\gym-workout-maker-master\src\Model\WorkoutRoutine.java,Model.WorkoutRoutine,getWorkouts/0,false,27,1,0,0,0,1,0,3,1,0,0,0,0,0,0,0,0,0,0,0,0,0,0,0,0,0,3,1,0,false
D:\JAVA\Sivaaraj\sanjeev\project\gym-workout-maker-master\src\Model\WorkoutRoutine.java,Model.WorkoutRoutine,setId/1[int],false,15,0,0,0,0,1,0,3,0,0,1,0,0,0,0,0,0,0,0,0,1,0,0,0,0,0,3,1,0,false
D:\JAVA\Sivaaraj\sanjeev\project\gym-workout-maker-master\src\Model\WorkoutRoutine.java,Model.WorkoutRoutine,setWorkouts/1[java.util.ArrayList<Model.Workout>],false,31,1,0,0,0,1,0,3,0,0,1,0,0,0,0,0,0,0,0,0,1,0,0,0,0,0,3,1,0,false
D:\JAVA\Sivaaraj\sanjeev\project\gym-workout-maker-master\src\Model\WorkoutRoutine.java,Model.WorkoutRoutine,getPerson/0,false,19,0,0,0,0,1,0,3,1,0,0,0,0,0,0,0,0,0,0,0,0,0,0,0,0,0,3,1,0,false
D:\JAVA\Sivaaraj\sanjeev\project\gym-workout-maker-master\src\GUI\ExerciseInformationRenderer.java,GUI.ExerciseInformationRenderer,"getTableCellRendererComponent/6[javax.swing.JTable,java.lang.Object,boolean,boolean,int,int]",false,21,0,0,0,0,1,1,4,1,0,6,1,0,0,0,0,0,0,0,0,0,0,0,0,0,0,9,1,0,false
D:\JAVA\Sivaaraj\sanjeev\project\gym-workout-maker-master\src\GUI\ExerciseInformationRenderer.java,GUI.ExerciseInformationRenderer,ExerciseInformationRenderer/0,true,15,1,1,0,1,1,1,3,0,0,0,1,0,0,0,0,0,0,0,0,1,0,0,0,0,0,7,1,0,false
D:\JAVA\Sivaaraj\sanjeev\project\gym-workout-maker-master\src\GUI\EditWorkout.java,GUI.EditWorkout,EditWorkout/1[javax.swing.tree.DefaultMutableTreeNode],true,28,2,3,1,2,1,5,8,0,0,1,5,2,2,0,0,0,0,0,0,2,0,0,0,0,0,19,1,0,false
D:\JAVA\Sivaaraj\sanjeev\project\gym-workout-maker-master\src\GUI\EditWorkout.java,GUI.EditWorkout,initComponents/0,false,38,1,2,1,1,1,7,12,0,1,0,7,0,0,0,0,0,0,3,4,4,0,0,0,0,0,14,1,0,false
D:\JAVA\Sivaaraj\sanjeev\project\gym-workout-maker-master\src\GUI\EditWorkout.java,GUI.EditWorkout,setupUI/0,false,55,1,2,1,1,1,4,25,0,2,0,4,1,1,0,0,0,0,1,6,14,0,0,0,0,0,17,1,0,false
D:\JAVA\Sivaaraj\sanjeev\project\gym-workout-maker-master\src\GUI\EditWorkout.java,GUI.EditWorkout,actionPerformed/1[java.awt.event.ActionEvent],false,88,1,1,0,1,4,7,17,0,1,1,7,0,0,0,2,1,0,2,1,2,0,2,0,0,0,19,1,0,false
D:\JAVA\Sivaaraj\sanjeev\project\gym-workout-maker-master\src\GUI\EditWorkout.java,GUI.EditWorkout,centerFrame/1[javax.swing.JDialog],false,108,0,1,1,0,1,7,6,0,3,1,7,0,0,0,0,0,4,0,2,3,4,0,0,0,0,9,1,0,false
D:\JAVA\Sivaaraj\sanjeev\project\gym-workout-maker-master\src\GUI\MainFrame.java,GUI.MainFrame,centerFrame/1[javax.swing.JFrame],false,310,0,1,1,0,1,7,6,0,3,1,7,0,0,0,0,0,4,0,2,3,4,0,0,0,0,22,1,0,true
D:\JAVA\Sivaaraj\sanjeev\project\gym-workout-maker-master\src\GUI\MainFrame.java,GUI.MainFrame,main/1[java.lang.String[]],false,65,1,1,0,1,1,0,3,0,0,1,0,0,0,0,0,0,0,0,0,0,0,0,0,0,0,4,9,0,false
D:\JAVA\Sivaaraj\sanjeev\project\gym-workout-maker-master\src\GUI\MainFrame.java,GUI.MainFrame,actionPerformed/1[java.awt.event.ActionEvent],false,240,6,14,0,14,19,29,65,0,10,1,29,0,0,0,15,0,0,14,3,14,5,4,0,0,0,37,1,0,false
D:\JAVA\Sivaaraj\sanjeev\project\gym-workout-maker-master\src\GUI\MainFrame.java,GUI.MainFrame,initComponents/0,false,87,3,6,1,5,2,25,119,0,0,0,25,0,0,0,0,1,0,42,16,21,0,1,1,0,0,48,2,0,false
D:\JAVA\Sivaaraj\sanjeev\project\gym-workout-maker-master\src\GUI\MainFrame.java,GUI.MainFrame,setupUI/0,false,232,0,1,1,0,1,3,6,0,0,0,3,0,0,0,0,0,0,0,1,0,0,0,0,0,0,5,1,0,false
D:\JAVA\Sivaaraj\sanjeev\project\gym-workout-maker-master\src\GUI\MainFrame.java,GUI.MainFrame,MainFrame/0,true,69,1,5,1,4,1,9,11,0,0,0,9,4,1,0,0,0,0,0,4,0,0,0,0,0,0,12,2,0,false
D:\JAVA\Sivaaraj\sanjeev\project\gym-workout-maker-master\src\GUI\MainFrame.java,GUI.MainFrame,initLogic/0,false,82,2,3,1,2,1,0,4,0,0,0,0,0,0,0,0,0,0,0,0,2,0,0,0,0,0,8,2,0,false
D:\JAVA\Sivaaraj\sanjeev\project\gym-workout-maker-master\src\GUI\MainFrame.java,GUI.MainFrame,centerFrame/1[javax.swing.JDialog],false,317,0,3,3,0,1,7,6,0,3,1,7,0,0,0,0,0,4,0,2,3,4,0,0,0,0,9,1,0,false
D:\JAVA\Sivaaraj\sanjeev\project\gym-workout-maker-master\src\GUI\WorkoutPanel.java,GUI.WorkoutPanel$Anonymous4,actionPerformed/1[java.awt.event.ActionEvent],false,97,2,4,0,4,2,3,9,0,1,1,3,0,0,0,0,0,0,2,0,1,0,1,0,0,0,15,1,0,false
D:\JAVA\Sivaaraj\sanjeev\project\gym-workout-maker-master\src\GUI\WorkoutPanel.java,GUI.WorkoutPanel$Anonymous3,actionPerformed/1[java.awt.event.ActionEvent],false,85,2,4,0,4,3,2,7,0,0,1,2,0,0,0,1,0,0,0,0,0,0,2,0,0,0,10,1,0,false
D:\JAVA\Sivaaraj\sanjeev\project\gym-workout-maker-master\src\GUI\ExerciseSelectionEvent.java,GUI.ExerciseSelectionEvent,getExercises/0,false,22,1,1,1,0,1,0,3,1,0,0,0,0,0,0,0,0,0,0,0,0,0,0,0,0,0,3,1,0,false
D:\JAVA\Sivaaraj\sanjeev\project\gym-workout-maker-master\src\GUI\ExerciseSelectionEvent.java,GUI.ExerciseSelectionEvent,setExercises/1[java.util.ArrayList<Model.Exercise>],false,26,1,0,0,0,1,0,3,0,0,1,0,0,0,0,0,0,0,0,0,1,0,0,0,0,0,3,1,0,false
D:\JAVA\Sivaaraj\sanjeev\project\gym-workout-maker-master\src\GUI\ExerciseSelectionEvent.java,GUI.ExerciseSelectionEvent,"ExerciseSelectionEvent/2[java.lang.Object,java.util.ArrayList<Model.Exercise>]",true,17,1,1,1,0,1,0,4,0,0,2,0,0,0,0,0,0,0,0,0,1,0,0,0,0,0,6,1,0,false
D:\JAVA\Sivaaraj\sanjeev\project\gym-workout-maker-master\src\GUI\ExerciseSelectionEvent.java,GUI.ExerciseSelectionEvent,ExerciseSelectionEvent/1[java.lang.Object],true,13,0,0,0,0,1,0,3,0,0,1,0,0,0,0,0,0,0,0,0,0,0,0,0,0,0,5,1,0,false
D:\JAVA\Sivaaraj\sanjeev\project\gym-workout-maker-master\src\GUI\WorkoutPanel.java,GUI.WorkoutPanel$Anonymous5,mousePressed/1[java.awt.event.MouseEvent],false,109,1,2,0,2,5,7,13,0,1,1,7,0,0,0,4,0,0,0,3,1,0,2,0,0,0,14,1,0,false
D:\JAVA\Sivaaraj\sanjeev\project\gym-workout-maker-master\src\GUI\IconFetch.java,GUI.IconFetch,getIcon/1[java.lang.String],false,21,0,1,1,0,2,5,10,2,1,1,5,0,0,0,1,0,0,2,2,1,1,1,0,0,0,14,1,0,false
D:\JAVA\Sivaaraj\sanjeev\project\gym-workout-maker-master\src\GUI\IconFetch.java,GUI.IconFetch,IconFetch/0,true,12,0,1,1,0,1,0,2,0,0,0,0,0,0,0,0,0,0,0,0,0,0,0,0,0,0,2,2,0,false
D:\JAVA\Sivaaraj\sanjeev\project\gym-workout-maker-master\src\GUI\IconFetch.java,GUI.IconFetch,getInstance/0,false,15,1,2,1,1,2,0,4,1,0,0,0,0,0,0,1,0,0,0,0,1,0,1,0,0,0,6,9,0,false
D:\JAVA\Sivaaraj\sanjeev\project\gym-workout-maker-master\src\GUI\WorkoutPanel.java,GUI.WorkoutPanel,getExercisesFromWorkoutNode/0,false,156,4,4,2,2,6,5,15,0,4,0,5,0,0,1,3,0,1,0,0,5,0,2,0,0,0,17,1,0,false
D:\JAVA\Sivaaraj\sanjeev\project\gym-workout-maker-master\src\GUI\WorkoutPanel.java,GUI.WorkoutPanel,"showPopup/2[java.awt.event.MouseEvent,javax.swing.JPopupMenu]",false,174,0,1,1,0,1,6,6,0,2,2,6,0,0,0,0,0,0,0,0,2,0,0,0,0,0,10,2,0,false
D:\JAVA\Sivaaraj\sanjeev\project\gym-workout-maker-master\src\GUI\WorkoutPanel.java,GUI.WorkoutPanel,WorkoutPanel/0,true,41,1,3,1,2,1,10,74,0,1,0,10,0,0,0,0,0,0,0,0,2,0,0,5,0,0,51,1,0,false
D:\JAVA\Sivaaraj\sanjeev\project\gym-workout-maker-master\src\GUI\WorkoutPanel.java,GUI.WorkoutPanel,addWorkoutNode/1[Model.Workout],false,187,1,1,1,0,1,4,6,0,2,1,4,0,0,0,0,0,0,0,0,2,0,0,0,0,0,10,1,0,false
D:\JAVA\Sivaaraj\sanjeev\project\gym-workout-maker-master\src\GUI\WorkoutPanel.java,GUI.WorkoutPanel,deepClone/1[javax.swing.tree.DefaultMutableTreeNode],false,130,0,1,1,0,1,1,4,1,1,1,1,0,0,0,0,0,0,0,0,1,0,0,0,0,0,8,2,0,false
D:\JAVA\Sivaaraj\sanjeev\project\gym-workout-maker-master\src\GUI\WorkoutPanel.java,GUI.WorkoutPanel,addWorkouts/1[java.util.ArrayList<Model.Workout>],false,201,2,3,1,2,4,10,18,0,8,1,10,0,0,3,0,0,0,0,3,8,0,3,0,0,0,17,1,0,false
D:\JAVA\Sivaaraj\sanjeev\project\gym-workout-maker-master\src\GUI\WorkoutPanel.java,GUI.WorkoutPanel,setTree/1[javax.swing.JTree],false,365,0,0,0,0,1,0,3,0,0,1,0,0,0,0,0,0,0,0,0,1,0,0,0,0,0,4,1,0,false
D:\JAVA\Sivaaraj\sanjeev\project\gym-workout-maker-master\src\GUI\WorkoutPanel.java,GUI.WorkoutPanel,addExercise/0,false,223,2,1,0,1,5,6,23,4,2,0,6,0,0,1,2,0,0,0,0,3,0,3,0,0,0,13,1,0,false
D:\JAVA\Sivaaraj\sanjeev\project\gym-workout-maker-master\src\GUI\WorkoutPanel.java,GUI.WorkoutPanel,isNodeWorkout/1[javax.swing.tree.DefaultMutableTreeNode],false,279,1,1,1,0,2,1,6,2,0,1,1,0,0,0,0,0,0,0,0,0,0,1,0,0,0,9,1,0,false
D:\JAVA\Sivaaraj\sanjeev\project\gym-workout-maker-master\src\GUI\WorkoutPanel.java,GUI.WorkoutPanel,setExerciseListener/1[GUI.ExerciseSelectionListener],false,369,1,1,1,0,1,0,3,0,0,1,0,0,0,0,0,0,0,0,0,1,0,0,0,0,0,5,1,0,false
D:\JAVA\Sivaaraj\sanjeev\project\gym-workout-maker-master\src\GUI\WorkoutPanel.java,GUI.WorkoutPanel,getTree/0,false,361,0,2,2,0,1,0,3,1,0,0,0,0,0,0,0,0,0,0,0,0,0,0,0,0,0,4,1,0,false
D:\JAVA\Sivaaraj\sanjeev\project\gym-workout-maker-master\src\GUI\WorkoutPanel.java,GUI.WorkoutPanel,addWorkout/1[javax.swing.tree.DefaultMutableTreeNode],false,194,0,1,1,0,1,4,6,0,2,1,4,0,0,0,0,0,0,0,0,2,0,0,0,0,0,10,1,0,false
D:\JAVA\Sivaaraj\sanjeev\project\gym-workout-maker-master\src\GUI\WorkoutPanel.java,GUI.WorkoutPanel,"addnodes/3[java.util.ArrayList<Model.Exercise>,javax.swing.tree.DefaultTreeModel,javax.swing.tree.DefaultMutableTreeNode]",false,268,2,2,1,1,2,6,8,0,2,3,6,0,0,1,0,0,0,0,1,2,0,1,0,0,0,10,1,0,false
D:\JAVA\Sivaaraj\sanjeev\project\gym-workout-maker-master\src\GUI\WorkoutPanel.java,GUI.WorkoutPanel,addExerciseNodes/1[java.util.ArrayList<Model.Exercise>],false,246,3,3,1,2,5,6,19,4,2,1,6,2,1,1,2,0,0,0,0,3,0,2,0,0,0,17,1,0,false
D:\JAVA\Sivaaraj\sanjeev\project\gym-workout-maker-master\src\GUI\WorkoutPanel.java,GUI.WorkoutPanel,clearTree/0,false,286,0,1,1,0,1,4,6,0,2,0,4,0,0,0,0,0,0,0,0,2,0,0,0,0,0,8,1,0,false
D:\JAVA\Sivaaraj\sanjeev\project\gym-workout-maker-master\src\GUI\WorkoutPanel.java,GUI.WorkoutPanel,getWorkouts/0,false,293,2,3,1,2,10,11,37,1,12,0,11,0,0,3,5,0,0,0,1,16,0,5,0,0,0,21,1,0,false
D:\JAVA\Sivaaraj\sanjeev\project\gym-workout-maker-master\src\GUI\WorkoutPanel.java,GUI.WorkoutPanel,reload/0,false,344,0,1,1,0,1,3,5,0,2,0,3,0,0,0,0,0,0,0,0,2,0,0,0,0,0,8,1,0,false
D:\JAVA\Sivaaraj\sanjeev\project\gym-workout-maker-master\src\GUI\WorkoutPanel.java,GUI.WorkoutPanel,"expandAllNodes/3[javax.swing.JTree,int,int]",false,350,1,4,3,1,3,3,8,0,1,3,3,1,0,1,1,0,0,0,0,1,0,1,0,0,0,10,1,0,false
D:\JAVA\Sivaaraj\sanjeev\project\gym-workout-maker-master\src\Model\Exercise.java,Model.Exercise,getTitle/0,false,37,0,3,3,0,1,0,3,1,0,0,0,0,0,0,0,0,0,0,0,0,0,0,0,0,0,3,1,0,false
D:\JAVA\Sivaaraj\sanjeev\project\gym-workout-maker-master\src\Model\Exercise.java,Model.Exercise,getEquipment/0,false,57,0,8,8,0,1,0,3,1,0,0,0,0,0,0,0,0,0,0,0,0,0,0,0,0,0,3,1,0,false
D:\JAVA\Sivaaraj\sanjeev\project\gym-workout-maker-master\src\Model\Exercise.java,Model.Exercise,setBodyPart/1[java.lang.String],false,54,0,3,3,0,1,0,3,0,0,1,0,0,0,0,0,0,0,0,0,1,0,0,0,0,0,4,1,0,false
D:\JAVA\Sivaaraj\sanjeev\project\gym-workout-maker-master\src\Model\Exercise.java,Model.Exercise,getNumber/0,false,44,0,4,4,0,1,0,3,1,0,0,0,0,0,0,0,0,0,0,0,0,0,0,0,0,0,3,1,0,false
D:\JAVA\Sivaaraj\sanjeev\project\gym-workout-maker-master\src\Model\Exercise.java,Model.Exercise,setEquipment/1[java.lang.String],false,60,0,3,3,0,1,0,3,0,0,1,0,0,0,0,0,0,0,0,0,1,0,0,0,0,0,3,1,0,false
D:\JAVA\Sivaaraj\sanjeev\project\gym-workout-maker-master\src\Model\Exercise.java,Model.Exercise,setReps/1[java.lang.String],false,66,0,2,2,0,1,0,3,0,0,1,0,0,0,0,0,0,0,0,0,1,0,0,0,0,0,3,1,0,false
D:\JAVA\Sivaaraj\sanjeev\project\gym-workout-maker-master\src\Model\Exercise.java,Model.Exercise,toString/0,false,89,0,0,0,0,1,0,3,1,0,0,0,0,0,0,0,0,0,2,0,0,1,0,0,0,0,4,1,0,false
D:\JAVA\Sivaaraj\sanjeev\project\gym-workout-maker-master\src\Model\Exercise.java,Model.Exercise,setTitle/1[java.lang.String],false,40,0,2,2,0,1,0,3,0,0,1,0,0,0,0,0,0,0,0,0,1,0,0,0,0,0,3,1,0,false
D:\JAVA\Sivaaraj\sanjeev\project\gym-workout-maker-master\src\Model\Exercise.java,Model.Exercise,getBodyPart/0,false,51,0,2,2,0,1,0,3,1,0,0,0,0,0,0,0,0,0,0,0,0,0,0,0,0,0,4,1,0,false
D:\JAVA\Sivaaraj\sanjeev\project\gym-workout-maker-master\src\Model\Exercise.java,Model.Exercise,Exercise/0,true,19,1,3,3,0,1,0,3,0,0,0,0,0,0,0,0,0,0,0,0,1,0,0,0,0,0,2,1,0,false
D:\JAVA\Sivaaraj\sanjeev\project\gym-workout-maker-master\src\Model\Exercise.java,Model.Exercise,setId/1[int],false,33,0,2,2,0,1,0,3,0,0,1,0,0,0,0,0,0,0,0,0,1,0,0,0,0,0,3,1,0,false
D:\JAVA\Sivaaraj\sanjeev\project\gym-workout-maker-master\src\Model\Exercise.java,Model.Exercise,getNote/0,false,75,0,3,3,0,1,0,3,1,0,0,0,0,0,0,0,0,0,0,0,0,0,0,0,0,0,3,1,0,false
D:\JAVA\Sivaaraj\sanjeev\project\gym-workout-maker-master\src\Model\Exercise.java,Model.Exercise,"Exercise/4[int,java.lang.String,java.lang.String,java.lang.String]",true,22,0,1,1,0,1,0,6,0,0,4,0,0,0,0,0,0,0,0,0,4,0,0,0,0,0,7,1,0,false
D:\JAVA\Sivaaraj\sanjeev\project\gym-workout-maker-master\src\Model\Exercise.java,Model.Exercise,setNumber/1[int],false,47,0,2,2,0,1,0,3,0,0,1,0,0,0,0,0,0,0,0,0,1,0,0,0,0,0,3,1,0,false
D:\JAVA\Sivaaraj\sanjeev\project\gym-workout-maker-master\src\Model\Exercise.java,Model.Exercise,setNote/1[java.lang.String],false,78,0,2,2,0,1,0,3,0,0,1,0,0,0,0,0,0,0,0,0,1,0,0,0,0,0,3,1,0,false
D:\JAVA\Sivaaraj\sanjeev\project\gym-workout-maker-master\src\Model\Exercise.java,Model.Exercise,getVideoLink/0,false,69,0,3,3,0,1,0,3,1,0,0,0,0,0,0,0,0,0,0,0,0,0,0,0,0,0,4,1,0,false
D:\JAVA\Sivaaraj\sanjeev\project\gym-workout-maker-master\src\Model\Exercise.java,Model.Exercise,setExercises/1[java.util.ArrayList<Model.Exercise>],false,85,1,2,2,0,1,0,3,0,0,1,0,0,0,0,0,0,0,0,0,1,0,0,0,0,0,3,1,0,false
D:\JAVA\Sivaaraj\sanjeev\project\gym-workout-maker-master\src\Model\Exercise.java,Model.Exercise,setVideoLink/1[java.lang.String],false,72,0,3,3,0,1,0,3,0,0,1,0,0,0,0,0,0,0,0,0,1,0,0,0,0,0,4,1,0,false
D:\JAVA\Sivaaraj\sanjeev\project\gym-workout-maker-master\src\Model\Exercise.java,Model.Exercise,getId/0,false,29,0,2,2,0,1,0,3,1,0,0,0,0,0,0,0,0,0,0,0,0,0,0,0,0,0,3,1,0,false
D:\JAVA\Sivaaraj\sanjeev\project\gym-workout-maker-master\src\Model\Exercise.java,Model.Exercise,getReps/0,false,63,0,4,4,0,1,0,3,1,0,0,0,0,0,0,0,0,0,0,0,0,0,0,0,0,0,3,1,0,false
D:\JAVA\Sivaaraj\sanjeev\project\gym-workout-maker-master\src\Model\Exercise.java,Model.Exercise,getExercises/0,false,81,1,3,3,0,1,0,3,1,0,0,0,0,0,0,0,0,0,0,0,0,0,0,0,0,0,3,1,0,false
D:\JAVA\Sivaaraj\sanjeev\project\gym-workout-maker-master\src\Model\Workout.java,Model.Workout,setExercises/1[java.util.ArrayList<Model.Exercise>],false,29,1,3,3,0,1,0,3,0,0,1,0,0,0,0,0,0,0,0,0,1,0,0,0,0,0,3,1,0,false
D:\JAVA\Sivaaraj\sanjeev\project\gym-workout-maker-master\src\Model\Workout.java,Model.Workout,getExercises/0,false,25,1,3,3,0,1,0,3,1,0,0,0,0,0,0,0,0,0,0,0,0,0,0,0,0,0,3,1,0,false
D:\JAVA\Sivaaraj\sanjeev\project\gym-workout-maker-master\src\Model\Workout.java,Model.Workout,setWeek/1[int],false,16,0,3,3,0,1,0,3,0,0,1,0,0,0,0,0,0,0,0,0,1,0,0,0,0,0,3,1,0,false
D:\JAVA\Sivaaraj\sanjeev\project\gym-workout-maker-master\src\Model\Workout.java,Model.Workout,toString/0,false,21,0,0,0,0,1,0,3,1,0,0,0,0,0,0,0,0,0,1,0,0,1,0,0,0,0,3,1,0,false
D:\JAVA\Sivaaraj\sanjeev\project\gym-workout-maker-master\src\Model\Workout.java,Model.Workout,getWeek/0,false,12,0,3,3,0,1,0,3,1,0,0,0,0,0,0,0,0,0,0,0,0,0,0,0,0,0,3,1,0,false
D:\JAVA\Sivaaraj\sanjeev\project\gym-workout-maker-master\src\Controller\Controller.java,Controller.Controller,"createPDF/3[java.util.ArrayList<Model.Workout>,java.lang.String,java.lang.String]",false,49,2,2,1,1,1,0,3,0,0,3,0,0,0,0,0,0,0,0,0,0,0,0,0,0,0,6,1,0,false
D:\JAVA\Sivaaraj\sanjeev\project\gym-workout-maker-master\src\Controller\Controller.java,Controller.Controller,"putExercisesInTree/2[GUI.WorkoutPanel,java.util.ArrayList<Model.Exercise>]",false,37,2,2,1,1,2,2,5,0,0,2,2,0,0,0,1,0,0,2,0,0,0,1,0,0,0,9,1,0,false
D:\JAVA\Sivaaraj\sanjeev\project\gym-workout-maker-master\src\Controller\Controller.java,Controller.Controller,Controller/0,true,24,2,4,1,3,1,2,4,0,0,0,2,1,1,0,0,0,0,0,0,1,0,0,0,0,0,5,1,0,false
D:\JAVA\Sivaaraj\sanjeev\project\gym-workout-maker-master\src\Controller\Controller.java,Controller.Controller,setDatabase/1[Model.Database],false,33,1,0,0,0,1,0,3,0,0,1,0,0,0,0,0,0,0,0,0,1,0,0,0,0,0,3,1,0,false
D:\JAVA\Sivaaraj\sanjeev\project\gym-workout-maker-master\src\Controller\Controller.java,Controller.Controller,"saveExercise/3[java.lang.String,java.lang.String,java.lang.String]",false,213,2,3,1,2,1,2,5,0,2,3,2,0,0,0,0,0,0,0,0,2,0,0,0,0,0,5,1,0,false
D:\JAVA\Sivaaraj\sanjeev\project\gym-workout-maker-master\src\Controller\Controller.java,Controller.Controller,getExercises/0,false,219,1,1,1,0,1,0,3,1,0,0,0,0,0,0,0,0,0,0,0,0,0,0,0,0,0,3,1,0,false
D:\JAVA\Sivaaraj\sanjeev\project\gym-workout-maker-master\src\Controller\Controller.java,Controller.Controller,setExercises/1[java.util.ArrayList<Model.Exercise>],false,223,1,1,1,0,1,0,3,0,0,1,0,0,0,0,0,0,0,0,0,1,0,0,0,0,0,3,1,0,false
D:\JAVA\Sivaaraj\sanjeev\project\gym-workout-maker-master\src\Controller\Controller.java,Controller.Controller,"putWorkoutInTree/2[GUI.WorkoutPanel,int]",false,43,2,4,1,3,1,2,5,0,1,2,2,0,0,0,0,0,0,0,0,1,0,0,0,0,0,7,1,0,false
D:\JAVA\Sivaaraj\sanjeev\project\gym-workout-maker-master\src\Controller\Controller.java,Controller.Controller,getExercises/1[java.lang.String],false,198,2,3,1,2,3,7,11,1,3,1,7,0,0,1,0,0,0,0,1,3,0,2,0,0,0,6,1,0,false
D:\JAVA\Sivaaraj\sanjeev\project\gym-workout-maker-master\src\Controller\Controller.java,Controller.Controller,"saveData/2[java.util.ArrayList<Model.Workout>,java.lang.String]",false,53,2,12,1,11,17,22,31,0,10,2,22,0,0,3,6,1,0,9,3,12,0,4,0,0,0,26,1,0,false
D:\JAVA\Sivaaraj\sanjeev\project\gym-workout-maker-master\src\Controller\Controller.java,Controller.Controller,loadData/1[java.lang.String],false,100,2,14,1,13,15,18,85,1,29,1,18,0,0,3,11,1,2,9,24,38,0,6,0,0,0,37,1,0,false
D:\JAVA\Sivaaraj\sanjeev\project\gym-workout-maker-master\src\Controller\Controller.java,Controller.Controller,getDatabase/0,false,29,1,1,1,0,1,0,3,1,0,0,0,0,0,0,0,0,0,0,0,0,0,0,0,0,0,3,1,0,false
D:\JAVA\Sivaaraj\sanjeev\project\gym-workout-maker-master\src\GUI\JComboCheckBox.java,GUI.JComboCheckBox$ComboBoxRenderer,"getListCellRendererComponent/5[javax.swing.JList,java.lang.Object,int,boolean,boolean]",false,31,0,0,0,0,4,8,19,2,1,5,8,0,0,0,1,0,0,0,0,2,0,2,0,0,0,16,1,0,false
D:\JAVA\Sivaaraj\sanjeev\project\gym-workout-maker-master\src\GUI\JComboCheckBox.java,GUI.JComboCheckBox$ComboBoxRenderer,ComboBoxRenderer/0,true,29,0,1,1,0,1,1,3,0,0,0,1,0,0,0,0,0,0,0,0,0,0,0,0,0,0,6,1,0,false
D:\JAVA\Sivaaraj\sanjeev\project\gym-workout-maker-master\src\GUI\ExerciseInfoEditor.java,GUI.ExerciseInfoEditor$Anonymous1,actionPerformed/1[java.awt.event.ActionEvent],false,29,0,4,0,4,1,1,3,0,0,1,1,0,0,0,0,0,0,0,0,0,0,0,0,0,0,8,1,0,false
D:\JAVA\Sivaaraj\sanjeev\project\gym-workout-maker-master\src\Controller\Main.java,Controller.Main,"onSection/5[Controller.PdfWriter,Controller.Document,float,int,Controller.Paragraph]",false,61,3,0,0,0,1,3,3,0,0,5,3,0,0,0,0,0,0,0,0,0,0,0,0,0,0,7,1,0,false
D:\JAVA\Sivaaraj\sanjeev\project\gym-workout-maker-master\src\Controller\Main.java,Controller.Main,"onChapter/4[Controller.PdfWriter,Controller.Document,float,Controller.Paragraph]",false,55,3,0,0,0,1,3,3,0,0,4,3,0,0,0,0,0,0,0,0,0,0,0,0,0,0,7,1,0,false
D:\JAVA\Sivaaraj\sanjeev\project\gym-workout-maker-master\src\Controller\Main.java,Controller.Main,Main/0,true,46,1,1,1,0,1,3,6,0,0,0,3,0,0,0,0,0,0,1,0,2,0,0,0,0,0,6,1,0,false
D:\JAVA\Sivaaraj\sanjeev\project\gym-workout-maker-master\src\Controller\Main.java,Controller.Main,main/1[java.lang.String[]],false,36,2,3,0,3,1,4,7,0,1,1,4,2,1,0,0,0,0,1,2,1,0,0,0,0,0,11,9,0,false
D:\JAVA\Sivaaraj\sanjeev\project\gym-workout-maker-master\src\Controller\Main.java,Controller.Main,createChapters/1[int],false,90,4,1,1,0,2,13,17,0,5,1,13,0,0,1,0,0,0,3,7,5,3,1,0,0,0,15,2,0,false
D:\JAVA\Sivaaraj\sanjeev\project\gym-workout-maker-master\src\Controller\Main.java,Controller.Main,createTOC/1[int],false,65,4,1,1,0,2,3,18,0,4,1,3,0,0,1,0,0,0,2,4,4,2,1,1,0,0,24,2,0,false
D:\JAVA\Sivaaraj\sanjeev\project\gym-workout-maker-master\src\GUI\ExerciseInfoEditor.java,GUI.ExerciseInfoEditor,"getTableCellEditorComponent/5[javax.swing.JTable,java.lang.Object,boolean,int,int]",false,24,0,1,0,1,1,2,10,1,0,5,2,0,0,0,0,0,0,0,0,0,0,0,1,0,0,18,1,0,false
D:\JAVA\Sivaaraj\sanjeev\project\gym-workout-maker-master\src\GUI\ExerciseInfoEditor.java,GUI.ExerciseInfoEditor,isCellEditable/1[java.util.EventObject],false,42,0,0,0,0,1,0,3,1,0,1,0,0,0,0,0,0,0,0,0,0,0,0,0,0,0,7,1,0,false
D:\JAVA\Sivaaraj\sanjeev\project\gym-workout-maker-master\src\GUI\ExerciseInfoEditor.java,GUI.ExerciseInfoEditor,ExerciseInfoEditor/0,true,19,0,0,0,0,1,0,3,0,0,0,0,0,0,0,0,0,0,0,0,1,0,0,0,0,0,5,1,0,false
D:\JAVA\Sivaaraj\sanjeev\project\gym-workout-maker-master\src\GUI\ExerciseInfoEditor.java,GUI.ExerciseInfoEditor,getCellEditorValue/0,false,37,0,0,0,0,1,1,3,1,0,0,1,0,0,0,0,0,0,0,0,0,0,0,0,0,0,5,1,0,false
D:\JAVA\Sivaaraj\sanjeev\project\gym-workout-maker-master\src\GUI\AddWorkout.java,GUI.AddWorkout,initComponents/0,false,32,0,1,1,0,1,4,10,0,0,0,4,0,0,0,0,0,0,3,4,3,0,0,0,0,0,14,1,0,false
D:\JAVA\Sivaaraj\sanjeev\project\gym-workout-maker-master\src\GUI\AddWorkout.java,GUI.AddWorkout,setupUI/0,false,47,1,2,1,1,1,4,25,0,2,0,4,0,0,0,0,0,0,1,6,14,0,0,0,0,0,15,1,0,false
D:\JAVA\Sivaaraj\sanjeev\project\gym-workout-maker-master\src\GUI\AddWorkout.java,GUI.AddWorkout,actionPerformed/1[java.awt.event.ActionEvent],false,80,1,1,0,1,4,6,16,0,1,1,6,0,0,0,2,1,0,2,1,2,0,2,0,0,0,18,1,0,false
D:\JAVA\Sivaaraj\sanjeev\project\gym-workout-maker-master\src\GUI\AddWorkout.java,GUI.AddWorkout,AddWorkout/1[GUI.MainFrame],true,23,2,3,1,2,1,4,7,0,0,1,4,2,1,0,0,0,0,0,0,1,0,0,0,0,0,16,1,0,false
D:\JAVA\Sivaaraj\sanjeev\project\gym-workout-maker-master\src\GUI\JComboCheckBox.java,GUI.JComboCheckBox,JComboCheckBox/1[javax.swing.JCheckBox[]],true,12,1,3,2,1,1,1,4,0,0,1,1,1,1,0,0,0,0,0,0,0,0,0,0,0,0,7,1,0,false
D:\JAVA\Sivaaraj\sanjeev\project\gym-workout-maker-master\src\GUI\JComboCheckBox.java,GUI.JComboCheckBox,JComboCheckBox/1[javax.swing.ComboBoxModel],true,14,1,1,0,1,1,1,4,0,0,1,1,1,1,0,0,0,0,0,0,0,0,0,0,0,0,8,1,0,false
D:\JAVA\Sivaaraj\sanjeev\project\gym-workout-maker-master\src\GUI\JComboCheckBox.java,GUI.JComboCheckBox,JComboCheckBox/1[java.util.Vector],true,13,1,1,0,1,1,1,4,0,0,1,1,1,1,0,0,0,0,0,0,0,0,0,0,0,0,8,1,0,false
D:\JAVA\Sivaaraj\sanjeev\project\gym-workout-maker-master\src\GUI\JComboCheckBox.java,GUI.JComboCheckBox,addStuff/0,false,15,1,6,4,2,1,2,9,0,0,0,2,0,0,0,0,0,0,0,0,0,0,0,1,0,0,14,2,0,false
D:\JAVA\Sivaaraj\sanjeev\project\gym-workout-maker-master\src\GUI\JComboCheckBox.java,GUI.JComboCheckBox,itemSelected/0,false,21,0,1,1,0,2,3,6,0,1,0,3,0,0,0,0,0,0,0,0,1,0,1,0,0,0,8,2,0,false
D:\JAVA\Sivaaraj\sanjeev\project\gym-workout-maker-master\src\GUI\JComboCheckBox.java,GUI.JComboCheckBox,JComboCheckBox/0,true,11,1,1,0,1,1,1,3,0,0,0,1,1,1,0,0,0,0,0,0,0,0,0,0,0,0,6,1,0,false
D:\JAVA\Sivaaraj\sanjeev\project\gym-workout-maker-master\src\GUI\JComboCheckBox.java,GUI.JComboCheckBox$Anonymous1,actionPerformed/1[java.awt.event.ActionEvent],false,18,1,4,0,4,1,1,3,0,0,1,1,0,0,0,0,0,0,0,0,0,0,0,0,0,0,7,1,0,false
D:\JAVA\Sivaaraj\sanjeev\project\gym-workout-maker-master\src\GUI\TreeDragAndDrop.java,GUI.TreeDragAndDrop$NodesTransferable,isDataFlavorSupported/1[java.awt.datatransfer.DataFlavor],false,201,0,1,1,0,1,1,3,1,0,1,1,0,0,0,0,0,0,0,0,0,0,0,0,0,0,5,1,0,false
D:\JAVA\Sivaaraj\sanjeev\project\gym-workout-maker-master\src\GUI\TreeDragAndDrop.java,GUI.TreeDragAndDrop$NodesTransferable,NodesTransferable/1[javax.swing.tree.DefaultMutableTreeNode[]],true,187,0,1,1,0,1,0,3,0,0,1,0,0,0,0,0,0,0,0,0,1,0,0,0,0,0,3,1,0,false
D:\JAVA\Sivaaraj\sanjeev\project\gym-workout-maker-master\src\GUI\TreeDragAndDrop.java,GUI.TreeDragAndDrop$NodesTransferable,getTransferData/1[java.awt.datatransfer.DataFlavor],false,191,1,1,0,1,2,1,4,1,0,1,1,1,1,0,0,0,0,0,0,0,0,1,0,0,0,11,1,0,false
D:\JAVA\Sivaaraj\sanjeev\project\gym-workout-maker-master\src\GUI\TreeDragAndDrop.java,GUI.TreeDragAndDrop$NodesTransferable,getTransferDataFlavors/0,false,197,0,0,0,0,1,0,3,1,0,0,0,0,0,0,0,0,0,0,0,0,0,0,0,0,0,5,1,0,false
